[{"model": "contenttypes.contenttype", "pk": 1, "fields": {"app_label": "admin", "model": "logentry"}}, {"model": "contenttypes.contenttype", "pk": 2, "fields": {"app_label": "auth", "model": "permission"}}, {"model": "contenttypes.contenttype", "pk": 3, "fields": {"app_label": "auth", "model": "group"}}, {"model": "contenttypes.contenttype", "pk": 4, "fields": {"app_label": "auth", "model": "user"}}, {"model": "contenttypes.contenttype", "pk": 5, "fields": {"app_label": "contenttypes", "model": "contenttype"}}, {"model": "contenttypes.contenttype", "pk": 6, "fields": {"app_label": "sessions", "model": "session"}}, {"model": "contenttypes.contenttype", "pk": 7, "fields": {"app_label": "seguimiento", "model": "nuevapregunta"}}, {"model": "contenttypes.contenttype", "pk": 8, "fields": {"app_label": "seguimiento", "model": "size"}}, {"model": "contenttypes.contenttype", "pk": 9, "fields": {"app_label": "seguimiento", "model": "plazo"}}, {"model": "contenttypes.contenttype", "pk": 10, "fields": {"app_label": "default", "model": "usersocialauth"}}, {"model": "contenttypes.contenttype", "pk": 11, "fields": {"app_label": "default", "model": "nonce"}}, {"model": "contenttypes.contenttype", "pk": 12, "fields": {"app_label": "default", "model": "association"}}, {"model": "contenttypes.contenttype", "pk": 13, "fields": {"app_label": "default", "model": "code"}}, {"model": "contenttypes.contenttype", "pk": 14, "fields": {"app_label": "seguimiento", "model": "actualizacion"}}, {"model": "contenttypes.contenttype", "pk": 15, "fields": {"app_label": "perfil", "model": "perfil"}}, {"model": "contenttypes.contenttype", "pk": 16, "fields": {"app_label": "seguimiento", "model": "datoextra"}}, {"model": "sessions.session", "pk": "00s5qg2d76vwgsdwa19jn407606vikvz", "fields": {"session_data": "ZjMyMDJjYzlmYjIyZGQ1ZDQ0ZWJkYjMyZjc2NzI5OGEzMGExYjYwZjp7Im5leHQiOiIvc2VndWltaWVudG8vbG9naW4vIiwiZmFjZWJvb2tfc3RhdGUiOiJRQ3ROZ3RybVRISDVlVlNWWWFqSlZEYjJ0MkYxS3hZRiJ9", "expire_date": "2016-04-09T20:59:16.774Z"}}, {"model": "sessions.session", "pk": "06s8v8sai3wgro96qlpe1zng4j765s51", "fields": {"session_data": "Zjg2ODU0NGViZjk2MzY1Y2M1MjlmNzM5Mjg4NTAzMzI5YWZiMDFjYzp7ImZhY2Vib29rX3N0YXRlIjoiMnhOQzRhc1psOVlFbW5rVUFMVmZXb3JKY0NWWmJqeTciLCJuZXh0IjoiL3NlZ3VpbWllbnRvL2xvZ2luLyJ9", "expire_date": "2016-05-05T01:53:46.399Z"}}, {"model": "sessions.session", "pk": "0lay2rfbhbqe5s3xudhyddr96erqhcqt", "fields": {"session_data": "YWJkNGU4ZjE0NDBhMjU5ODFiMTM2MTljZmEyOGRmYjE4NjRiYjgxMzp7Im5leHQiOiIvc2VndWltaWVudG8vbG9naW4vIiwiZmFjZWJvb2tfc3RhdGUiOiI4N1JkRlZhaVoxUGZhTTBvTUZ1TVMxRzY0bXNQVHhiMyJ9", "expire_date": "2016-03-17T23:25:45.747Z"}}, {"model": "sessions.session", "pk": "1tfhsw55sfacn07klqd26w6weg690xj5", "fields": {"session_data": "YzY4NjU2MmEwODZjYjVjMTQyY2ZjMjdhMmVlZWFkNDkxMjVlOWYwOTp7ImZhY2Vib29rX3N0YXRlIjoiQjlGODBjUTB6TnNGYVkwZ2lQMm80d0xkYk5RdTM1ZmoiLCJuZXh0IjoiL3BlcmZpbC9kYXNoYm9hcmQvIn0=", "expire_date": "2016-05-07T19:10:59.133Z"}}, {"model": "sessions.session", "pk": "1tor3wiy82jwxjexzmpg20vv22w4nqe0", "fields": {"session_data": "OTBmYjMzZjBmNGNkMTM2MWVmZGQ1MzQwYjQ5YTVkNTBlNjZmNjI0YTp7InNvY2lhbF9hdXRoX2xhc3RfbG9naW5fYmFja2VuZCI6ImZhY2Vib29rIiwibmV4dCI6Ii9wZXJmaWwvZGFzaGJvYXJkLyIsIl9hdXRoX3VzZXJfaWQiOiIzIiwiZmFjZWJvb2tfc3RhdGUiOiJzdkd2ZW1RcGw4a1JvT2c2a0JjdWdCTHJFS2xIUTRpZyIsIl9hdXRoX3VzZXJfaGFzaCI6IjM1NGYyMDc5OThkYmY1YWRmYWFmZjAyMTU2ODU5MWYwM2VmN2Y1MjQiLCJfYXV0aF91c2VyX2JhY2tlbmQiOiJzb2NpYWwuYmFja2VuZHMuZmFjZWJvb2suRmFjZWJvb2tPQXV0aDIifQ==", "expire_date": "2016-04-15T19:35:34.084Z"}}, {"model": "sessions.session", "pk": "29611ob87ud0xybqrstasyux2erg43j8", "fields": {"session_data": "YzE1ODAzYzcxNjViZTk4YzgyNTFmNzYzNWQzN2NiYzM1YTdiYWIyNDp7ImZhY2Vib29rX3N0YXRlIjoiTERhQnQxQVdhYlE3TE15eFBIcjZMNzA0cWdrYzg2cWUiLCJuZXh0IjoiL3NlZ3VpbWllbnRvL2xvZ2luLyJ9", "expire_date": "2016-02-04T15:58:29.856Z"}}, {"model": "sessions.session", "pk": "2ikzbbwgr6539e1jahmcykjbhrak2l7z", "fields": {"session_data": "MzQ5ZGVhZDhlOTFmYTFjMzdiMWE3NTk4YmIyYjBhZjRiOTVhOGM3Zjp7ImZhY2Vib29rX3N0YXRlIjoiT0M5MUdOYkJTZ1lWWWtEWW8zUzVYbE9URW9mbkZsT00iLCJuZXh0IjoiL3NlZ3VpbWllbnRvL2xvZ2luLyJ9", "expire_date": "2016-05-07T19:11:00.344Z"}}, {"model": "sessions.session", "pk": "2ox4zr4l9lrzz9wghkcim529z2oud428", "fields": {"session_data": "NGI5M2RkZTNhNTQyYTcwZmY0MDM0NDEzZDFjZmIxMGNhMzc5ZmVjNjp7Il9hdXRoX3VzZXJfYmFja2VuZCI6ImRqYW5nby5jb250cmliLmF1dGguYmFja2VuZHMuTW9kZWxCYWNrZW5kIiwiX2F1dGhfdXNlcl9pZCI6IjEiLCJfYXV0aF91c2VyX2hhc2giOiIzZmY4NmExMjYxOTUwYmQ2ZDRhY2U4MWJlMTYyNmM3NjNhNjY0MGIyIn0=", "expire_date": "2016-02-11T14:07:00.360Z"}}, {"model": "sessions.session", "pk": "2p14xmbnqi5wgfvpzlicuno1kgio44ze", "fields": {"session_data": "NDNkYjRmNTE1ZjM0YjY5MGU4Nzg0ZWExNjNiYzk0YTNjOGNkM2IyNDp7Il9hdXRoX3VzZXJfaWQiOiIyIiwibmV4dCI6Ii9zZWd1aW1pZW50by9sb2dpbi8iLCJzb2NpYWxfYXV0aF9sYXN0X2xvZ2luX2JhY2tlbmQiOiJmYWNlYm9vayIsIl9hdXRoX3VzZXJfYmFja2VuZCI6InNvY2lhbC5iYWNrZW5kcy5mYWNlYm9vay5GYWNlYm9va09BdXRoMiIsImZhY2Vib29rX3N0YXRlIjoiazJKbEdySkptQXN2Qm91VFNCTkticWJKSFFuc0cxMHoiLCJfYXV0aF91c2VyX2hhc2giOiI3ZTI3YzkyMTVmMjEwYmRhYTlhNzhhZjAxYjM2NjdjODU4NDIwNjcyIn0=", "expire_date": "2016-04-01T00:49:34.580Z"}}, {"model": "sessions.session", "pk": "2tv6rlqfhhhoznbkgkonuqxbnberu9p6", "fields": {"session_data": "YmI1N2JkZDRiYzRmZjU0MmVlNzYwMGY5ZWY0NmQ5NDVjYjdjZTIzMTp7ImZhY2Vib29rX3N0YXRlIjoidjRMZnBPbWM4MVd2VEFPdGJYNFdLN0xFMEJPSDVHVloiLCJuZXh0IjoiL3NlZ3VpbWllbnRvL2xvZ2luLyJ9", "expire_date": "2016-03-03T15:24:38.713Z"}}, {"model": "sessions.session", "pk": "36llllvfyr9m6judapswpbjm1c1x7knb", "fields": {"session_data": "M2NmZjkyOTQ3MTQ4MGZmYmIwN2JkNDU5ZDhjY2NiOGMzZDQ4NDBhMTp7Im5leHQiOiIvcGVyZmlsL2Rhc2hib2FyZC8iLCJmYWNlYm9va19zdGF0ZSI6InJLU3JCRDFXWlhoYmROT1lJZ2JHNlBwYkhUSjNZeno4In0=", "expire_date": "2016-04-26T10:59:30.869Z"}}, {"model": "sessions.session", "pk": "37zn2gga4m54r54ski1efy5luc5n0mmd", "fields": {"session_data": "NmY2NzZlMzM5NDMzYjY5OWNmZGY4Mjc2ZDM1MzUxNWUwYmZhYTIyMjp7Im5leHQiOiIvc2VndWltaWVudG8vbG9naW4vIiwiZmFjZWJvb2tfc3RhdGUiOiJOQkdyaU1DVmtEQnM0VDJYZ016Ylp4M1NSSXlMV3p3TCJ9", "expire_date": "2016-01-23T04:48:28.673Z"}}, {"model": "sessions.session", "pk": "38fyov7jrpmtqng84mb63q93wlm8r1p0", "fields": {"session_data": "ZDdlOGZkNTQyNWIyOTU0MGFjOWJlZWQxNGY0NDkzOTE2OTQ0MjdkMzp7Il9hdXRoX3VzZXJfaGFzaCI6IjM1NGYyMDc5OThkYmY1YWRmYWFmZjAyMTU2ODU5MWYwM2VmN2Y1MjQiLCJzb2NpYWxfYXV0aF9sYXN0X2xvZ2luX2JhY2tlbmQiOiJmYWNlYm9vayIsIl9hdXRoX3VzZXJfaWQiOiIzIiwiZmFjZWJvb2tfc3RhdGUiOiJmTnkxM1NNeE56a3hCN09kZnNuamVRRlk3RVRNUmp1QiIsIl9hdXRoX3VzZXJfYmFja2VuZCI6InNvY2lhbC5iYWNrZW5kcy5mYWNlYm9vay5GYWNlYm9va09BdXRoMiIsIm5leHQiOiIvc2VndWltaWVudG8vbG9naW4vIn0=", "expire_date": "2016-04-25T17:19:23.184Z"}}, {"model": "sessions.session", "pk": "38tvut0cjjuxaafs5767miefkt0ubo96", "fields": {"session_data": "YjI2YTA5ZDY4NDYzNmI2ZGY1MDhjOWFkZjAxYTk1M2M4MGRlNjY2ZDp7Il9hdXRoX3VzZXJfaWQiOiIzIiwiZmFjZWJvb2tfc3RhdGUiOiJmM0RUVE9mTFBqNEVReWhQNmlhVGI5d0NUSjBjeDNoOSIsIl9hdXRoX3VzZXJfaGFzaCI6IjM1NGYyMDc5OThkYmY1YWRmYWFmZjAyMTU2ODU5MWYwM2VmN2Y1MjQiLCJzb2NpYWxfYXV0aF9sYXN0X2xvZ2luX2JhY2tlbmQiOiJmYWNlYm9vayIsIl9hdXRoX3VzZXJfYmFja2VuZCI6InNvY2lhbC5iYWNrZW5kcy5mYWNlYm9vay5GYWNlYm9va09BdXRoMiIsIm5leHQiOiIvc2VndWltaWVudG8vbG9naW4vIn0=", "expire_date": "2016-04-21T22:40:27.550Z"}}, {"model": "sessions.session", "pk": "3g70sa572ie4gaz3ff44257smd3xw3th", "fields": {"session_data": "YmFkNTlkMTE2YjgzMGY0MWJiNmU0YWY2ZmYxODJjMTRiNTI1ZGU3Yzp7Il9hdXRoX3VzZXJfaGFzaCI6IjM1NGYyMDc5OThkYmY1YWRmYWFmZjAyMTU2ODU5MWYwM2VmN2Y1MjQiLCJmYWNlYm9va19zdGF0ZSI6IjIyWTZVaHRNNFA5cWdMZ0Z4aVdwRElkTDdYWlRCWUk2IiwiX2F1dGhfdXNlcl9iYWNrZW5kIjoic29jaWFsLmJhY2tlbmRzLmZhY2Vib29rLkZhY2Vib29rT0F1dGgyIiwic29jaWFsX2F1dGhfbGFzdF9sb2dpbl9iYWNrZW5kIjoiZmFjZWJvb2siLCJuZXh0IjoiL3NlZ3VpbWllbnRvL2xvZ2luLyIsIl9hdXRoX3VzZXJfaWQiOiIzIn0=", "expire_date": "2016-04-30T15:20:07.610Z"}}, {"model": "sessions.session", "pk": "3nei8ilibwavb09ytl4n6lmhfcac39m0", "fields": {"session_data": "NGU4MTUwYzMwZTdlM2JjYjkyNDAyOTBmODk1ODJjNDE5OWE2YTFmZDp7Il9hdXRoX3VzZXJfaWQiOiIzIiwiX2F1dGhfdXNlcl9oYXNoIjoiMzU0ZjIwNzk5OGRiZjVhZGZhYWZmMDIxNTY4NTkxZjAzZWY3ZjUyNCIsInNvY2lhbF9hdXRoX2xhc3RfbG9naW5fYmFja2VuZCI6ImZhY2Vib29rIiwiZmFjZWJvb2tfc3RhdGUiOiJqRTZnaDN5cjV6OE9IV1ZuQTZ2TnhkSDUwVHV1NkhGNSIsIl9hdXRoX3VzZXJfYmFja2VuZCI6InNvY2lhbC5iYWNrZW5kcy5mYWNlYm9vay5GYWNlYm9va09BdXRoMiIsIm5leHQiOiIvc2VndWltaWVudG8vbG9naW4vIn0=", "expire_date": "2016-03-11T20:18:15.454Z"}}, {"model": "sessions.session", "pk": "403vn31jps7gamy2gyb3tqt201k8rbfc", "fields": {"session_data": "NDQ4ZDg3NTJhYjllOWQ0MzYwOGJiOTljZWE2NzY1NDI4ZTQwNWNmODp7Il9hdXRoX3VzZXJfaWQiOiIxIiwiX2F1dGhfdXNlcl9oYXNoIjoiM2ZmODZhMTI2MTk1MGJkNmQ0YWNlODFiZTE2MjZjNzYzYTY2NDBiMiIsIl9hdXRoX3VzZXJfYmFja2VuZCI6ImRqYW5nby5jb250cmliLmF1dGguYmFja2VuZHMuTW9kZWxCYWNrZW5kIn0=", "expire_date": "2016-02-05T02:13:52.211Z"}}, {"model": "sessions.session", "pk": "4arh81iuw4r46wvbb1pun6utmyg4pa9x", "fields": {"session_data": "YjI5MzVkOThkMWY1YmQ5NDUyYWE0ODlkODdiNWM0YTVhZGI2NTQ1Yjp7Il9hdXRoX3VzZXJfaWQiOiIzIiwibmV4dCI6Ii9zZWd1aW1pZW50by9sb2dpbi8iLCJfYXV0aF91c2VyX2JhY2tlbmQiOiJzb2NpYWwuYmFja2VuZHMuZmFjZWJvb2suRmFjZWJvb2tPQXV0aDIiLCJmYWNlYm9va19zdGF0ZSI6Ik1wT2hjVHAxVHRtNjM2cWhHN1FTNktSTjIwUjRWRXIxIiwiX2F1dGhfdXNlcl9oYXNoIjoiMzU0ZjIwNzk5OGRiZjVhZGZhYWZmMDIxNTY4NTkxZjAzZWY3ZjUyNCIsInNvY2lhbF9hdXRoX2xhc3RfbG9naW5fYmFja2VuZCI6ImZhY2Vib29rIn0=", "expire_date": "2016-02-25T18:02:09.613Z"}}, {"model": "sessions.session", "pk": "4h5527s7civ49xebf7xoe78a0vqkdneq", "fields": {"session_data": "ODVjZTYzYThlOGMzMzBjYjQzMmNjY2Y0Y2Q0ODkxYWRjYjJjOGUwNTp7InNvY2lhbF9hdXRoX2xhc3RfbG9naW5fYmFja2VuZCI6ImZhY2Vib29rIiwiX2F1dGhfdXNlcl9pZCI6IjMiLCJuZXh0IjoiL3NlZ3VpbWllbnRvL2xvZ2luLyIsImZhY2Vib29rX3N0YXRlIjoiNkZZMnR2RE9QV3BQR3hCaXJweDhleGJXdFc4YVpJcjEiLCJfYXV0aF91c2VyX2JhY2tlbmQiOiJzb2NpYWwuYmFja2VuZHMuZmFjZWJvb2suRmFjZWJvb2tPQXV0aDIiLCJfYXV0aF91c2VyX2hhc2giOiIzNTRmMjA3OTk4ZGJmNWFkZmFhZmYwMjE1Njg1OTFmMDNlZjdmNTI0In0=", "expire_date": "2016-04-06T23:19:43.792Z"}}, {"model": "sessions.session", "pk": "4naytf6q4dt53tipnoi4wyvg1pph5wf7", "fields": {"session_data": "NGU1YWE2ODUwMmYyZjJlNDBiOTZmM2I2ZmFhZjk1NDE2OTNmMzRhZDp7Im5leHQiOiIvc2VndWltaWVudG8vbG9naW4vIiwiZmFjZWJvb2tfc3RhdGUiOiJTRmhLN0R6QktOUjZldUcxN2ozV1k1ZWJvd282ZTI3cyJ9", "expire_date": "2016-02-26T01:32:07.627Z"}}, {"model": "sessions.session", "pk": "57fsq74aivfixsn335v04j8ec4f84ap4", "fields": {"session_data": "MWM2NjJmYjEwMWFjMGVlOTY1Y2I5MTlmNWJiOWE5ZWI5NjY3MGFkOTp7Il9hdXRoX3VzZXJfYmFja2VuZCI6InNvY2lhbC5iYWNrZW5kcy5mYWNlYm9vay5GYWNlYm9va09BdXRoMiIsInNvY2lhbF9hdXRoX2xhc3RfbG9naW5fYmFja2VuZCI6ImZhY2Vib29rIiwiX2F1dGhfdXNlcl9pZCI6IjMiLCJfYXV0aF91c2VyX2hhc2giOiIzNTRmMjA3OTk4ZGJmNWFkZmFhZmYwMjE1Njg1OTFmMDNlZjdmNTI0IiwibmV4dCI6Ii9zZWd1aW1pZW50by9sb2dpbi8iLCJmYWNlYm9va19zdGF0ZSI6Ikw0VDZUVmZWd1A4YVE1UzdNd3NRMlpmblZyME5JNlkyIn0=", "expire_date": "2016-02-15T22:14:56.916Z"}}, {"model": "sessions.session", "pk": "60ss9gi4847ch4galazd8x0w9j19yhyq", "fields": {"session_data": "NDQ4ZDg3NTJhYjllOWQ0MzYwOGJiOTljZWE2NzY1NDI4ZTQwNWNmODp7Il9hdXRoX3VzZXJfaWQiOiIxIiwiX2F1dGhfdXNlcl9oYXNoIjoiM2ZmODZhMTI2MTk1MGJkNmQ0YWNlODFiZTE2MjZjNzYzYTY2NDBiMiIsIl9hdXRoX3VzZXJfYmFja2VuZCI6ImRqYW5nby5jb250cmliLmF1dGguYmFja2VuZHMuTW9kZWxCYWNrZW5kIn0=", "expire_date": "2016-05-02T18:44:33.075Z"}}, {"model": "sessions.session", "pk": "6jui6vwafgzsyco2v686hh9g2z5fc86j", "fields": {"session_data": "YzQyMDA2NDVlNTRhOTkyYzQ0ZjZhMWVkYjc4MzlkY2FkYzk5NDhjOTp7ImZhY2Vib29rX3N0YXRlIjoiVVFrbGRBTHdzRnF3VVZXRUJSWTNQYktrdFRGOUp0Q3YiLCJuZXh0IjoiL3NlZ3VpbWllbnRvL2xvZ2luLyJ9", "expire_date": "2016-01-24T21:19:17.360Z"}}, {"model": "sessions.session", "pk": "6m1vvzrvxapjfkhti8f2nerq8ab3v0kd", "fields": {"session_data": "OGM2YzU1MmMxMTdjNDUwMDYyNTcxMzg2YzQ1ZjM2MDc3NjU0NGJiOTp7ImZhY2Vib29rX3N0YXRlIjoiTnFTV293QmFuWUJ2dFNzRlVmMDhKMFlVM3dkRllIc0IiLCJuZXh0IjoiL3BlcmZpbC9kYXNoYm9hcmQvIn0=", "expire_date": "2016-04-26T03:25:06.652Z"}}, {"model": "sessions.session", "pk": "7ggtgtw9t0jyb30ov73exwbvyc0kbl6k", "fields": {"session_data": "MjJjYTljNTQ4MTRmZjI4NzZhYTZhNDI1Njg2ZGJmOTVhZjA5YzljZTp7Im5leHQiOiJfaG9tZSIsImZhY2Vib29rX3N0YXRlIjoidUJJcVkwOTdoRG45YXZjdDhXOWU4dGtseVVKc2swQUkifQ==", "expire_date": "2016-04-15T19:21:26.559Z"}}, {"model": "sessions.session", "pk": "7jdd9w9sap59v99be5isoaj0hwasukyw", "fields": {"session_data": "ZWRiNzcxZWFiYTM4ZGNhZTNkYTUxM2Y5M2JmOGRhZDg2MGEyMjAyMzp7Im5leHQiOiIvc2VndWltaWVudG8vbG9naW4vIiwiZmFjZWJvb2tfc3RhdGUiOiJyMW96VUlyNThtd2paV3kwaWtUMHJYTWxSQ2hHNXd0RiJ9", "expire_date": "2016-05-08T05:32:13.018Z"}}, {"model": "sessions.session", "pk": "7k7v515878v6li35nw413thb99fm49oa", "fields": {"session_data": "YmI2ZDdhZWIzNDA2YTE5ZmIxZDJmZDAwYzNhNzFmNTBmZjI3MzA5MDp7ImZhY2Vib29rX3N0YXRlIjoiVm5vQkN3czlLN0k1elFhWEw5TDVFZkluRHB6WWRvbEoiLCJfYXV0aF91c2VyX2lkIjoiMyIsInNvY2lhbF9hdXRoX2xhc3RfbG9naW5fYmFja2VuZCI6ImZhY2Vib29rIiwibmV4dCI6Ii9zZWd1aW1pZW50by9sb2dpbi8iLCJfYXV0aF91c2VyX2JhY2tlbmQiOiJzb2NpYWwuYmFja2VuZHMuZmFjZWJvb2suRmFjZWJvb2tPQXV0aDIiLCJfYXV0aF91c2VyX2hhc2giOiIzNTRmMjA3OTk4ZGJmNWFkZmFhZmYwMjE1Njg1OTFmMDNlZjdmNTI0In0=", "expire_date": "2016-01-27T16:36:25.371Z"}}, {"model": "sessions.session", "pk": "85xxaxmooqjne7eiioh6rh1tdwjiai4z", "fields": {"session_data": "ZDU2ZDBmNTA0ZmQ4NWZhNjZjMmU3ODAzZjFjZGRkMTRhMWVhZDBhNzp7ImZhY2Vib29rX3N0YXRlIjoiT3JQa1V3RzJuRDU4VkFMeThUVGhVZ1hRRVVVblY0SnQiLCJuZXh0IjoiL3NlZ3VpbWllbnRvL2xvZ2luLyJ9", "expire_date": "2016-03-09T19:32:59.740Z"}}, {"model": "sessions.session", "pk": "864y1i39qbt7b1xlk9onva8nbj8aw1xu", "fields": {"session_data": "M2I2YjBlMTdjMjZlYzI0NWUwYWQ3ODU5YjJiYTRmNzFlNTNhMzQ5MTp7Im5leHQiOiIvcGVyZmlsL2Rhc2hib2FyZC8iLCJmYWNlYm9va19zdGF0ZSI6IkVDNzJiZW5PZFJ5Z2ZFWmh5ck1wczhEMVllTWdKOEtxIn0=", "expire_date": "2016-04-24T19:36:23.222Z"}}, {"model": "sessions.session", "pk": "89kdd4mzm2uc9ns45ufbgnhjtxozhygy", "fields": {"session_data": "ZDkzYmU5ZGY0OTdiZjI0ZDM0MGM5MTdmMjVmYmY0YjFjYWI4YzIxMTp7Im5leHQiOiIvc2VndWltaWVudG8vbG9naW4vIiwiZmFjZWJvb2tfc3RhdGUiOiJac2tnRVRabThlWmxFaG9QdDNXc2tyNUl6bmhtN1hVYSJ9", "expire_date": "2016-02-02T18:46:34.794Z"}}, {"model": "sessions.session", "pk": "90basyz781sny560uvx3nukm0ec10r36", "fields": {"session_data": "NDFjZGExZDM1YzI4ZDdkODU2YjViMDI1ODUyODMzMWUzNjhiMTIwZjp7ImZhY2Vib29rX3N0YXRlIjoiekJTSENUUlBVYzNzdENXbUpidDhKNXFxdkVSVWtqU1EiLCJuZXh0IjoiL3BlcmZpbC9kYXNoYm9hcmQvIn0=", "expire_date": "2016-04-27T17:58:22.798Z"}}, {"model": "sessions.session", "pk": "91bq3wyaidwxuw4b6htun69tc2s8k53b", "fields": {"session_data": "NjVjYzMxZmNmMmIyYWE4ODExOWFhYzliMDBkYjdiNWExZGI3ZjIxODp7Im5leHQiOiIvcGVyZmlsL2Rhc2hib2FyZC8iLCJmYWNlYm9va19zdGF0ZSI6IndNaVh4cjBGUElUdk9TdFY3NWNqb1diOEluQWxmWWd0In0=", "expire_date": "2016-05-08T14:55:08.484Z"}}, {"model": "sessions.session", "pk": "93e90fe77bcoo2kv5lcqv37e8cbrhu96", "fields": {"session_data": "OTU4N2NlM2U3ODE0MjUyZGVjN2NmZGJiZTNiODcxMmFmOGY5NzQ4MDp7InNvY2lhbF9hdXRoX2xhc3RfbG9naW5fYmFja2VuZCI6ImZhY2Vib29rIiwiZmFjZWJvb2tfc3RhdGUiOiJjdmpwVkVXSThUSjRMZU9ZVk1sZWNDZnhUY2VHUDJoZiIsIl9hdXRoX3VzZXJfaGFzaCI6IjM1NGYyMDc5OThkYmY1YWRmYWFmZjAyMTU2ODU5MWYwM2VmN2Y1MjQiLCJfYXV0aF91c2VyX2JhY2tlbmQiOiJzb2NpYWwuYmFja2VuZHMuZmFjZWJvb2suRmFjZWJvb2tPQXV0aDIiLCJuZXh0IjoiL3NlZ3VpbWllbnRvL2xvZ2luLyIsIl9hdXRoX3VzZXJfaWQiOiIzIn0=", "expire_date": "2016-03-17T19:39:00.868Z"}}, {"model": "sessions.session", "pk": "ajjewhkxr4nf7rz6lfsat0kphdul7eqi", "fields": {"session_data": "N2NmMmZmZTEzNmFlOWZjNjE2MWRhZmMxM2Y0ZTEyOGYyNTA1ZGNkOTp7ImZhY2Vib29rX3N0YXRlIjoiSjBMVDVuUUpSQ2d3a2locmc3eVNXSURZekFDbmE4bzciLCJuZXh0IjoiL3NlZ3VpbWllbnRvL2xvZ2luLyJ9", "expire_date": "2016-01-24T02:32:32.893Z"}}, {"model": "sessions.session", "pk": "c79k70ek308biowt1qfgzgdet3hvbjsv", "fields": {"session_data": "NWUzYmY3OWFmMjM5ZjUyNThlZjYwOThmMWUwZGE2ZTBkZDg5NDM5ODp7ImZhY2Vib29rX3N0YXRlIjoiUWJSN3NoMmNBTnR5OWlXd1k2ZUM0Tk8weXVmNjY2azgiLCJuZXh0IjoiL3NlZ3VpbWllbnRvL2xvZ2luLyJ9", "expire_date": "2016-02-18T05:02:11.496Z"}}, {"model": "sessions.session", "pk": "c9i6rbw89e4r9sbus28gurtynptbisl6", "fields": {"session_data": "NTkwMWI3ODcwY2IyYzg5MGQ3YjQ4MDZkNGU2OGRjMjBmNTA5Y2JiNjp7Il9hdXRoX3VzZXJfaWQiOiIxIiwiX2F1dGhfdXNlcl9iYWNrZW5kIjoiZGphbmdvLmNvbnRyaWIuYXV0aC5iYWNrZW5kcy5Nb2RlbEJhY2tlbmQiLCJfYXV0aF91c2VyX2hhc2giOiIzZmY4NmExMjYxOTUwYmQ2ZDRhY2U4MWJlMTYyNmM3NjNhNjY0MGIyIn0=", "expire_date": "2016-02-20T02:55:59.253Z"}}, {"model": "sessions.session", "pk": "cvsehm0vta7ea94jzhqkt16an73zsdqy", "fields": {"session_data": "ZDY0NjYxZmViNTAxYmFhYmE4N2E2NzVlZDkyMWI3NjFhMWMxNDk0NTp7ImZhY2Vib29rX3N0YXRlIjoibVY5Vm5hT0E3c2xuVUxUd1VzTTBackJLOXlkMm1mZ1AiLCJuZXh0IjoiL3NlZ3VpbWllbnRvL2xvZ2luLyJ9", "expire_date": "2016-03-29T05:16:20.402Z"}}, {"model": "sessions.session", "pk": "d9impo5lim1md9vsymd4laag0nrtn7bc", "fields": {"session_data": "MmY3ZDg1NTdhYWJjMTE1Mzg1OWVhZDBjOWY1ZGM0ZjdhM2EyMDg0Njp7ImZhY2Vib29rX3N0YXRlIjoiZmtJR0FoaGxKT1lhOU84YkNtb2xKYVVlY3B0SkxmU2siLCJfYXV0aF91c2VyX2hhc2giOiJhM2NmYjU0MTg2NWQxYzg4MTM2ZDQxOWUyNGQ0OWFjNTA2Njc1NmVmIiwiX2F1dGhfdXNlcl9pZCI6IjQiLCJfYXV0aF91c2VyX2JhY2tlbmQiOiJzb2NpYWwuYmFja2VuZHMuZmFjZWJvb2suRmFjZWJvb2tPQXV0aDIiLCJuZXh0IjoiL3NlZ3VpbWllbnRvL2xvZ2luLyIsInNvY2lhbF9hdXRoX2xhc3RfbG9naW5fYmFja2VuZCI6ImZhY2Vib29rIn0=", "expire_date": "2016-01-26T14:03:42.599Z"}}, {"model": "sessions.session", "pk": "ea3at48a2fu4ldatw7uq1o53sqjw5ogo", "fields": {"session_data": "MTM4ODNmNDUxYzk0ZjQ4NDEzM2Y1YmRjNDMyNTEwYzdmMmJiODAxNTp7Il9hdXRoX3VzZXJfYmFja2VuZCI6InNvY2lhbC5iYWNrZW5kcy5mYWNlYm9vay5GYWNlYm9va09BdXRoMiIsImZhY2Vib29rX3N0YXRlIjoiM0lHTVlmTjlHUm5aRncyZGVxOXBhR2ducXl5WDNsMUYiLCJfYXV0aF91c2VyX2hhc2giOiIzNTRmMjA3OTk4ZGJmNWFkZmFhZmYwMjE1Njg1OTFmMDNlZjdmNTI0Iiwic29jaWFsX2F1dGhfbGFzdF9sb2dpbl9iYWNrZW5kIjoiZmFjZWJvb2siLCJuZXh0IjoiL3NlZ3VpbWllbnRvL2xvZ2luLyIsIl9hdXRoX3VzZXJfaWQiOiIzIn0=", "expire_date": "2016-02-11T18:44:53.077Z"}}, {"model": "sessions.session", "pk": "ea9lhx2n2v7qjrhd9ekk1kba48fdiy4g", "fields": {"session_data": "MTc2ODU0Mzk3NWE0OTM3MWUxMmE0NzYzZTgyNDliMzIwNmYyMmEyODp7Il9hdXRoX3VzZXJfaGFzaCI6IjNmZjg2YTEyNjE5NTBiZDZkNGFjZTgxYmUxNjI2Yzc2M2E2NjQwYjIiLCJfYXV0aF91c2VyX2lkIjoiMSIsIl9hdXRoX3VzZXJfYmFja2VuZCI6ImRqYW5nby5jb250cmliLmF1dGguYmFja2VuZHMuTW9kZWxCYWNrZW5kIn0=", "expire_date": "2016-02-05T02:58:33.079Z"}}, {"model": "sessions.session", "pk": "eg5b14m4br7mrnanb65sy9sylcr0w2g7", "fields": {"session_data": "NGVhZGZlZGMwZjJiOTkyOWU3NzcwZDBiYjA2MzQwYmYzMTdmZDI2ODp7ImZhY2Vib29rX3N0YXRlIjoiaWtBYWRPVU50TWJ1SzdOelp5OW10bTh2OVlrRzd3aDUiLCJuZXh0IjoiL3NlZ3VpbWllbnRvL2xvZ2luLyJ9", "expire_date": "2016-05-06T21:26:11.335Z"}}, {"model": "sessions.session", "pk": "epvl26xd0l685ap5xvev28clp3697kgx", "fields": {"session_data": "MTc2ODU0Mzk3NWE0OTM3MWUxMmE0NzYzZTgyNDliMzIwNmYyMmEyODp7Il9hdXRoX3VzZXJfaGFzaCI6IjNmZjg2YTEyNjE5NTBiZDZkNGFjZTgxYmUxNjI2Yzc2M2E2NjQwYjIiLCJfYXV0aF91c2VyX2lkIjoiMSIsIl9hdXRoX3VzZXJfYmFja2VuZCI6ImRqYW5nby5jb250cmliLmF1dGguYmFja2VuZHMuTW9kZWxCYWNrZW5kIn0=", "expire_date": "2016-03-17T16:34:06.587Z"}}, {"model": "sessions.session", "pk": "er34axo6bw13g894uemm91b3w66wb54m", "fields": {"session_data": "NzQyNDc1MWQ4MGYwMTIxYjdlNWE1N2UwOGI4NzZkMmMzNzRjOGM1Zjp7Il9hdXRoX3VzZXJfaGFzaCI6IjNmZjg2YTEyNjE5NTBiZDZkNGFjZTgxYmUxNjI2Yzc2M2E2NjQwYjIiLCJfYXV0aF91c2VyX2JhY2tlbmQiOiJkamFuZ28uY29udHJpYi5hdXRoLmJhY2tlbmRzLk1vZGVsQmFja2VuZCIsIl9hdXRoX3VzZXJfaWQiOiIxIn0=", "expire_date": "2016-02-26T14:40:59.164Z"}}, {"model": "sessions.session", "pk": "es3k1amlxpe4uvsimyv69fnxf2cmgh9n", "fields": {"session_data": "YjkyYjFkNWYwZjAzZmQxZjkzZTRkYzc4YzE2ZjlkN2I1MWEyOWE3Nzp7Im5leHQiOiIvc2VndWltaWVudG8vbG9naW4vIiwiZmFjZWJvb2tfc3RhdGUiOiJFc05tRFlWTW9YUVFCMnZSZ01PSno1eFhwWk14YlBJaiJ9", "expire_date": "2016-02-23T07:25:11.832Z"}}, {"model": "sessions.session", "pk": "f0n90uvusm86bwkiah6ilthznz49ppqf", "fields": {"session_data": "NDJkOTM3ZTUwODJjMGUzMGM4NzVkMWFjMmI3OGUwNDgxZmU3MzE2ODp7ImZhY2Vib29rX3N0YXRlIjoiWGh5c1B4ZmxpN3J3c3hvRVU0N0RXVFJUOWNDczdVZGgiLCJuZXh0IjoiL3NlZ3VpbWllbnRvL2xvZ2luLyJ9", "expire_date": "2016-03-08T14:32:11.748Z"}}, {"model": "sessions.session", "pk": "fcmet4i6cgl006q4764ih4zqd6robd3n", "fields": {"session_data": "ZjRhNWIyMjg4NDYwODljNTkzOWI3MDJjYWY1OWU0ODAzMTU3NDk5MDp7Im5leHQiOiIvc2VndWltaWVudG8vbG9naW4vIiwiZmFjZWJvb2tfc3RhdGUiOiIwVzdvNUN4NnVaVGx4NHVzZVpWa2thUjl5U3pEcFlaMyJ9", "expire_date": "2016-02-16T03:32:26.062Z"}}, {"model": "sessions.session", "pk": "fdz3h77e5rsxwy1tz1ok74lub9fm6tzt", "fields": {"session_data": "NjU4NWFhMTQ0OTg2OGFhZGI5OWUyZDU5Y2I5ZWJjNTgyYzU2ZTdlMzp7InNvY2lhbF9hdXRoX2xhc3RfbG9naW5fYmFja2VuZCI6ImZhY2Vib29rIiwiZmFjZWJvb2tfc3RhdGUiOiJYWldDUFRjdThhbmxHTmxKMHhyZENheEpaUWw0eVpoOSIsIm5leHQiOiIvc2VndWltaWVudG8vbG9naW4vIiwiX2F1dGhfdXNlcl9pZCI6IjMiLCJfYXV0aF91c2VyX2hhc2giOiIzNTRmMjA3OTk4ZGJmNWFkZmFhZmYwMjE1Njg1OTFmMDNlZjdmNTI0IiwiX2F1dGhfdXNlcl9iYWNrZW5kIjoic29jaWFsLmJhY2tlbmRzLmZhY2Vib29rLkZhY2Vib29rT0F1dGgyIn0=", "expire_date": "2016-03-02T20:02:46.821Z"}}, {"model": "sessions.session", "pk": "fkovrwjin51pkcmus1kwtihigsu3ovay", "fields": {"session_data": "YTAwMjFhZDFkNDQ5NTRjZGViMmJlZmVlY2U5ZTFiMWE0MDUwY2U4ZDp7Im5leHQiOiIvc2VndWltaWVudG8vbG9naW4vIiwic29jaWFsX2F1dGhfbGFzdF9sb2dpbl9iYWNrZW5kIjoiZmFjZWJvb2siLCJmYWNlYm9va19zdGF0ZSI6IlJPMmczaHJHNWF3eWJ6S2hvemU1VGtCTFVCNVZNZlM4IiwiX2F1dGhfdXNlcl9pZCI6IjQiLCJfYXV0aF91c2VyX2hhc2giOiJhM2NmYjU0MTg2NWQxYzg4MTM2ZDQxOWUyNGQ0OWFjNTA2Njc1NmVmIiwiX2F1dGhfdXNlcl9iYWNrZW5kIjoic29jaWFsLmJhY2tlbmRzLmZhY2Vib29rLkZhY2Vib29rT0F1dGgyIn0=", "expire_date": "2016-02-23T11:05:42.938Z"}}, {"model": "sessions.session", "pk": "fsdtwsc0azb6fr19a6d33k43cop2q6x9", "fields": {"session_data": "Y2MxNjUxMWY4ZmI1ZWQ4NjQ2MDYyOTAxNTYwYzZmMjNiOWU1YTM1OTp7ImZhY2Vib29rX3N0YXRlIjoicU45QWVNTFJzZkcxRWlvUHVvYjE5RmtJTkU2QXVYWUYiLCJuZXh0IjoiL3NlZ3VpbWllbnRvL2xvZ2luLyJ9", "expire_date": "2016-03-30T00:54:09.194Z"}}, {"model": "sessions.session", "pk": "g15ryhyr7obdyhf803ai9tx964aoepfk", "fields": {"session_data": "NDhiMDY5NmNhM2QxMGUyNTE1ZTMyN2M1ODQyZTJhM2Q2MTZiZTNiMzp7ImZhY2Vib29rX3N0YXRlIjoiUmZlTXlTTm9HQXcxQUVhMmRYaUpxWEMxSUxiRjlPMGUiLCJuZXh0IjoiL3NlZ3VpbWllbnRvL2xvZ2luLyJ9", "expire_date": "2016-04-21T00:18:26.261Z"}}, {"model": "sessions.session", "pk": "gcx1slsqemwt9r4lysei3hvo4x4ml0w3", "fields": {"session_data": "NjUyNDZkNzQzZjU5MDU1ZDA4MTFkMDE1ZTBiNWNiNmNhY2M5ZDIyMjp7ImZhY2Vib29rX3N0YXRlIjoiaFMyMzdyQWdWNWViTjA4WW1ZVkhLUEF6bmxTUmNkcWciLCJuZXh0IjoiL3NlZ3VpbWllbnRvL2xvZ2luLyJ9", "expire_date": "2016-01-26T23:07:54.546Z"}}, {"model": "sessions.session", "pk": "gfsmx0brlyntmw9axa63gt6cp9ch7wwf", "fields": {"session_data": "ZTYwYTdkMmNiZjJjMjU1OTRmMTcxMzliZTNhM2EyYWUyYjU0NTVmNTp7ImZhY2Vib29rX3N0YXRlIjoiWlZhRjdaQ1JVbmFaZVhGT1hCcDdmQmMyQVJtOEVjeVYiLCJuZXh0IjoiL3NlZ3VpbWllbnRvL2xvZ2luLyJ9", "expire_date": "2016-03-06T11:27:37.253Z"}}, {"model": "sessions.session", "pk": "ghg6nnoedo40a45d9b6sxxrsurz3eshx", "fields": {"session_data": "MDE4NjliMjAxMTQ0NWIyYzI4NTZmZGY0YzJhMTMzOGFlNjY2YzAyMTp7Im5leHQiOiIvc2VndWltaWVudG8vbG9naW4vIiwiZmFjZWJvb2tfc3RhdGUiOiJBOVJkS0ZPNHdoT0ZWT0xzZzNRMUkxU0xPN3BEUEtSOSJ9", "expire_date": "2016-04-17T01:42:09.438Z"}}, {"model": "sessions.session", "pk": "gkrqbph03xlx53yx54z5zgwm21k41vz6", "fields": {"session_data": "N2RmNjUxZTFlN2E5NGUyYmY3MDczMjk3MzlhMzIxMDg2ZDRhMjg2Yzp7ImZhY2Vib29rX3N0YXRlIjoiYmJtQVUzdEFRQmVsVkxpWTh6MlM0TXFobWdYYWJ6enAiLCJuZXh0IjoiL3NlZ3VpbWllbnRvL2xvZ2luLyJ9", "expire_date": "2016-04-07T15:37:15.519Z"}}, {"model": "sessions.session", "pk": "gug3o0c87qr46jod95bghcre9f7wf1r2", "fields": {"session_data": "NzhlYTg5YzM0NTdiMzU0MDJiOTA2YWQyYmY0NWI0ODg1MmFmMDMwZjp7ImZhY2Vib29rX3N0YXRlIjoiNGtZMHdieWxCdk5ZSFlveEl6dURRSndLdGVxUlF0S1MiLCJuZXh0IjoiX2hvbWUifQ==", "expire_date": "2016-04-15T19:24:34.408Z"}}, {"model": "sessions.session", "pk": "h2oqz6u1hxuyha7iadf0wemssenx83g1", "fields": {"session_data": "MGI0OWE0YjhkNzhjZjc1ODkzMGI3YTQwNzI0ZWNjMjY5ZTkzOGMzNjp7Im5leHQiOiIvc2VndWltaWVudG8vbG9naW4vIiwiZmFjZWJvb2tfc3RhdGUiOiJCVnZxTFlaTktBS1pNZWJMQ3dGQnNDZU5LaVM0aHc5bCJ9", "expire_date": "2016-02-28T11:59:54.803Z"}}, {"model": "sessions.session", "pk": "it0wa38i4s4kogubxatxdp9sxo3c1gnp", "fields": {"session_data": "NDQ4ZDg3NTJhYjllOWQ0MzYwOGJiOTljZWE2NzY1NDI4ZTQwNWNmODp7Il9hdXRoX3VzZXJfaWQiOiIxIiwiX2F1dGhfdXNlcl9oYXNoIjoiM2ZmODZhMTI2MTk1MGJkNmQ0YWNlODFiZTE2MjZjNzYzYTY2NDBiMiIsIl9hdXRoX3VzZXJfYmFja2VuZCI6ImRqYW5nby5jb250cmliLmF1dGguYmFja2VuZHMuTW9kZWxCYWNrZW5kIn0=", "expire_date": "2016-01-31T17:02:13.880Z"}}, {"model": "sessions.session", "pk": "iu49qgzd7aqxstxaa9xfa26s42mkloas", "fields": {"session_data": "YWMzNjZiNDljZmFlYzVjMTA1YTYzYTI0ZGNjNjhlMWMwZDQ3ZGNkZTp7Im5leHQiOiIvc2VndWltaWVudG8vbG9naW4vIiwiZmFjZWJvb2tfc3RhdGUiOiI2MFVBMFF0T0JiVjdRTGRFSWVvc0dHVEdIc3lyY3QzSCJ9", "expire_date": "2016-03-13T03:21:09.131Z"}}, {"model": "sessions.session", "pk": "iv7k956fvzf9mxtnt0jm6ijqstasnbtu", "fields": {"session_data": "OGNmN2M0NTRiYjljZjIyYTVmOGQ4ZjZlMTNhMDI2NGE3YTk0MzIzMzp7Im5leHQiOiIvcGVyZmlsL2Rhc2hib2FyZC8iLCJmYWNlYm9va19zdGF0ZSI6IlNKcm1LQ0c5RjlzODY3Z1N0QUFYcVFocnFtVWZFcThDIn0=", "expire_date": "2016-05-04T03:53:38.056Z"}}, {"model": "sessions.session", "pk": "j4j39sf2707ne8v3fbb60osmkse0on2k", "fields": {"session_data": "YjQ3MTJhZDIzZDY1NDVhNmRhMWNiYjUyM2Q0Yjg5ZDQxNGNlMDU4Nzp7ImZhY2Vib29rX3N0YXRlIjoidWQ1d25meHNTeDNrMHNJbDU5ZDRjWUw3bExJdkk4YTUiLCJuZXh0IjoiL3NlZ3VpbWllbnRvL2xvZ2luLyJ9", "expire_date": "2016-03-06T17:05:59.514Z"}}, {"model": "sessions.session", "pk": "jh1958x8kmzzn36697gvw2reiu47x9v1", "fields": {"session_data": "MjViNjY0NjkyMzZjZDdjODJiZmM3Y2U0NDcyNzlmMmEwMTY0YTVkYzp7ImZhY2Vib29rX3N0YXRlIjoibFFFbm5RVnc0bGRCZlM5QWJPdzRQMk1PQ3p6alhMcjIiLCJuZXh0IjoiL3NlZ3VpbWllbnRvL2xvZ2luLyJ9", "expire_date": "2016-01-22T14:43:00.021Z"}}, {"model": "sessions.session", "pk": "jyc6br1bpzid7te1s1ywcc8h5zyvcijc", "fields": {"session_data": "OGQ2YTJkZWE5NGQxNmQzYjE5NDI5ZjI2YmRiYjQ0ZWNmNjgwNjMyZTp7Im5leHQiOiIvc2VndWltaWVudG8vbG9naW4vIiwiZmFjZWJvb2tfc3RhdGUiOiJTRERTUXo4UGFFY0U1dkhLcW93djV1czRsZHdmcUxEWiJ9", "expire_date": "2016-03-27T00:18:57.752Z"}}, {"model": "sessions.session", "pk": "k18htut8z58d66bm1s3g69jsjjjwac4w", "fields": {"session_data": "ODQzMmUyYzYyZDYxMTA0MTBhYjQ4ZGQ4YzZjODRhYWYzZWQ3MDY1YTp7Im5leHQiOiIvc2VndWltaWVudG8vbG9naW4vIiwiZmFjZWJvb2tfc3RhdGUiOiJjWXhlaVVRZUwyb3ZRVHVTV1lVd245WjY5dlRNV0o3ZCJ9", "expire_date": "2016-03-01T09:54:11.916Z"}}, {"model": "sessions.session", "pk": "kgy4xt55fhsy3d5rrbttd5ou7wtxleh4", "fields": {"session_data": "OTIwZjNjNTdmMDA4OTI0NmRhMWJmOWZkZGRkZTYyMmFjZjZmMDMxYzp7Im5leHQiOiIvcGVyZmlsL2Rhc2hib2FyZC8iLCJmYWNlYm9va19zdGF0ZSI6IjlNQ2J2R2d3bWpZa3BhbkZvZ0p1Q1M0aVZ1anRkWTk4In0=", "expire_date": "2016-04-25T08:52:29.131Z"}}, {"model": "sessions.session", "pk": "kr9mshzkn8bj1atqz5jj8bap11jsy73z", "fields": {"session_data": "ZmEwZmE5MmZlYjEyYWFjYzZiYzU0MWM2Zjg1NzEzYWU5OTJiMjZlNjp7Il9hdXRoX3VzZXJfYmFja2VuZCI6ImRqYW5nby5jb250cmliLmF1dGguYmFja2VuZHMuTW9kZWxCYWNrZW5kIiwiX2F1dGhfdXNlcl9oYXNoIjoiM2ZmODZhMTI2MTk1MGJkNmQ0YWNlODFiZTE2MjZjNzYzYTY2NDBiMiIsIl9hdXRoX3VzZXJfaWQiOiIxIn0=", "expire_date": "2016-01-27T19:36:58.159Z"}}, {"model": "sessions.session", "pk": "ky2lpqx56vr8mwwvt98bc70j9xk36elx", "fields": {"session_data": "ZWNjODkzOTkyNzQ2NzM1M2Q1YWRmMGVkMzkzODc1NTc2OGZhZDY2Mzp7ImZhY2Vib29rX3N0YXRlIjoibTJ1SW5vRDk3WWpWd0R5enJuOGx3TksyWGRqOEF2VGEiLCJuZXh0IjoiL3NlZ3VpbWllbnRvL2xvZ2luLyJ9", "expire_date": "2016-04-03T00:10:32.921Z"}}, {"model": "sessions.session", "pk": "lj2ru76d61xb2wdc4gx46ayartd6onso", "fields": {"session_data": "ZTRmNThjMThmMzQ3M2IxNGI3ZTVhZTdmMWI1MjAyMWQyYTc3YWFjOTp7InNvY2lhbF9hdXRoX2xhc3RfbG9naW5fYmFja2VuZCI6ImZhY2Vib29rIiwibmV4dCI6Ii9wZXJmaWwvZGFzaGJvYXJkLyIsIl9hdXRoX3VzZXJfaWQiOiIyIiwiZmFjZWJvb2tfc3RhdGUiOiJjbkhGNWEzOWxhTnhGckxVbTFWck4zSHVIcXlNR0lWSSIsIl9hdXRoX3VzZXJfaGFzaCI6IjdlMjdjOTIxNWYyMTBiZGFhOWE3OGFmMDFiMzY2N2M4NTg0MjA2NzIiLCJfYXV0aF91c2VyX2JhY2tlbmQiOiJzb2NpYWwuYmFja2VuZHMuZmFjZWJvb2suRmFjZWJvb2tPQXV0aDIifQ==", "expire_date": "2016-04-15T19:25:15.972Z"}}, {"model": "sessions.session", "pk": "m3f592j6hpa9bble4inwj37ylzsj1z23", "fields": {"session_data": "ZmFlMWVkYjNlMDY0OWNiY2NkZDlkYWE4ZWU1NmIyNzZjMTI4MmEzMjp7ImZhY2Vib29rX3N0YXRlIjoiR2pjdjZESFJVMkpoOWFvTEFnVGZ1bTdqSHZQQVFNdzYiLCJuZXh0IjoiL3NlZ3VpbWllbnRvL2xvZ2luLyJ9", "expire_date": "2016-04-12T03:27:53.650Z"}}, {"model": "sessions.session", "pk": "mpvw76xxoqzhn0zh9jvicoe56tip4ybx", "fields": {"session_data": "MzQ5ZWRiNjYwYWJjMmFjMDIxODE3M2FkNWQ2NTc2YzBkYTNlYjFlYzp7ImZhY2Vib29rX3N0YXRlIjoiWFZNYXAwelZpWE83alIzZ29lNHVxek94c2FPcnlmYmsiLCJuZXh0IjoiL3NlZ3VpbWllbnRvL2xvZ2luLyJ9", "expire_date": "2016-03-20T03:28:55.963Z"}}, {"model": "sessions.session", "pk": "mt17j809zif4otretqfdwqi2jysy5b5u", "fields": {"session_data": "MmVlM2Y2YWY5YTk5OTYwMzRhZWU4NDA4NzlmOWVjMDBjYTJkN2QyYjp7Im5leHQiOiIvc2VndWltaWVudG8vbG9naW4vIiwiZmFjZWJvb2tfc3RhdGUiOiJvTW10UzJISmpPUjBxbExITDE4M2JuRGRzYTdXWXlrUyJ9", "expire_date": "2016-02-26T08:30:14.697Z"}}, {"model": "sessions.session", "pk": "mxws04vxunrv4golvrp03fkovr67si1m", "fields": {"session_data": "OWM1Njk3MGZmNDEwZjc3ODM3Y2NkMmZlYmNhMmE1MWVmZTg0ZjczMjp7ImZhY2Vib29rX3N0YXRlIjoiUEVNWllOa0JmN3hYYmRDNWREbDNVanBLWXVhUXlhc3AiLCJuZXh0IjoiL3NlZ3VpbWllbnRvL2xvZ2luLyJ9", "expire_date": "2016-02-06T16:36:16.398Z"}}, {"model": "sessions.session", "pk": "nqgvtk84ktcjhebbc52hlr2wkcu6fd1r", "fields": {"session_data": "NmFiOGM5OGE4ZjcyMmIwOGJkYmFhNGIzMmVlOTk1OGY1MTAwNzM0ODp7ImZhY2Vib29rX3N0YXRlIjoiaVNRZ2VjY3U2aDduTDVBdTNLSVgzWG9NdThVMlpYN08iLCJuZXh0IjoiL3NlZ3VpbWllbnRvL2xvZ2luLyJ9", "expire_date": "2016-03-31T18:25:58.946Z"}}, {"model": "sessions.session", "pk": "nv2cs6k8obt225ppx7dnu12bu2bdx1f8", "fields": {"session_data": "ZTY3ZGNiNWVmNjEwOGJjMmExOWU5NTc5OTY1MzI4ODg3N2U2YWU5Njp7Im5leHQiOiIvcGVyZmlsL2Rhc2hib2FyZC8iLCJmYWNlYm9va19zdGF0ZSI6Ik1MTThHZTF1Nzh2anhuS3BtaWVYbUVRb01od3VlejlxIn0=", "expire_date": "2016-04-28T07:55:42.463Z"}}, {"model": "sessions.session", "pk": "oqp5ql31b8u0f0tjmk5bzye3n586v6q5", "fields": {"session_data": "OTIzNjg5NDFhY2Q0ODA1ZjUwNjQyOGY5NGEyYWE2ZDAxOTY2Zjk0ZDp7ImZhY2Vib29rX3N0YXRlIjoieDkwaWFvVm04ZzhGcFp5S0xKMkJyT0dVZVduNFRsY0UiLCJuZXh0IjoiL3BlcmZpbC9kYXNoYm9hcmQvIn0=", "expire_date": "2016-05-08T13:18:54.883Z"}}, {"model": "sessions.session", "pk": "p0w18w400ve0s5kk2qbnd24wp9cyuud7", "fields": {"session_data": "ODJmNDVhMWE2YzFjOGNmOTM3ZDJlOTU4NTYwZjI5MDZjMWY5MTAxYjp7ImZhY2Vib29rX3N0YXRlIjoiMFFyVWRLMkkxblJ2VHc4d01hd2RoTXV0VDBPTTduRUQiLCJuZXh0IjoiL3NlZ3VpbWllbnRvL2xvZ2luLyJ9", "expire_date": "2016-04-14T18:14:21.692Z"}}, {"model": "sessions.session", "pk": "p13m57yl2562409vzt8l2q8lzwyzx4m7", "fields": {"session_data": "NDhhNDFkMTYyMWE2N2U0NGI0ZTQxMmZhMTVlYjBjZDgyZWM5ZWIxNzp7ImZhY2Vib29rX3N0YXRlIjoiejJBODNid0podkx2Vkp0amM2YWFDQVBuV3FIeFFLMjgiLCJuZXh0IjoiL3BlcmZpbC9kYXNoYm9hcmQvIiwiX2F1dGhfdXNlcl9iYWNrZW5kIjoic29jaWFsLmJhY2tlbmRzLmZhY2Vib29rLkZhY2Vib29rT0F1dGgyIiwiX2F1dGhfdXNlcl9oYXNoIjoiZGQxMmEwNmJmOTdiNDY1NDBkMTUxZjNjMDQ4M2I0YzgwMDcyNWI3NyIsInNvY2lhbF9hdXRoX2xhc3RfbG9naW5fYmFja2VuZCI6ImZhY2Vib29rIiwiX2F1dGhfdXNlcl9pZCI6IjYifQ==", "expire_date": "2016-04-30T00:41:19.523Z"}}, {"model": "sessions.session", "pk": "pcaum5lqkzlqg47hb6um02ihhnk9tsyt", "fields": {"session_data": "MGVjYzdhNzlmNzYzM2ZjMjA3YzY1OGIyZTcxZTkwODdmMmVhNDk3ZTp7Il9hdXRoX3VzZXJfaWQiOiIzIiwibmV4dCI6Ii9zZWd1aW1pZW50by9sb2dpbi8iLCJfYXV0aF91c2VyX2JhY2tlbmQiOiJzb2NpYWwuYmFja2VuZHMuZmFjZWJvb2suRmFjZWJvb2tPQXV0aDIiLCJzb2NpYWxfYXV0aF9sYXN0X2xvZ2luX2JhY2tlbmQiOiJmYWNlYm9vayIsImZhY2Vib29rX3N0YXRlIjoiSzlvTFdFZHJaTkFMOWdqUmV5WVlzYkNqWVNqbGJjUnEiLCJfYXV0aF91c2VyX2hhc2giOiIzNTRmMjA3OTk4ZGJmNWFkZmFhZmYwMjE1Njg1OTFmMDNlZjdmNTI0In0=", "expire_date": "2016-03-23T12:37:04.741Z"}}, {"model": "sessions.session", "pk": "pcxxczqhknrd9su7vj2n6xralq0lib8e", "fields": {"session_data": "NGI5M2RkZTNhNTQyYTcwZmY0MDM0NDEzZDFjZmIxMGNhMzc5ZmVjNjp7Il9hdXRoX3VzZXJfYmFja2VuZCI6ImRqYW5nby5jb250cmliLmF1dGguYmFja2VuZHMuTW9kZWxCYWNrZW5kIiwiX2F1dGhfdXNlcl9pZCI6IjEiLCJfYXV0aF91c2VyX2hhc2giOiIzZmY4NmExMjYxOTUwYmQ2ZDRhY2U4MWJlMTYyNmM3NjNhNjY0MGIyIn0=", "expire_date": "2016-02-25T16:42:44.460Z"}}, {"model": "sessions.session", "pk": "pfw2g6yro9h0dup1paiar2kbc5bt2tn2", "fields": {"session_data": "NzYwZGI5ZmU2ZGU2YTk2YTBkZDAwZTlhZTgxOWFjNGUwODFlMGY0Mzp7ImZhY2Vib29rX3N0YXRlIjoiUUFxemNra25rOXcweDVESjhKUDZRNXRabG82cGNiN1MiLCJuZXh0IjoiL3NlZ3VpbWllbnRvL2xvZ2luLyJ9", "expire_date": "2016-02-15T08:22:04.827Z"}}, {"model": "sessions.session", "pk": "piat1mrx7lda7jqpjqbzaeu4kqwu8200", "fields": {"session_data": "NGI5M2RkZTNhNTQyYTcwZmY0MDM0NDEzZDFjZmIxMGNhMzc5ZmVjNjp7Il9hdXRoX3VzZXJfYmFja2VuZCI6ImRqYW5nby5jb250cmliLmF1dGguYmFja2VuZHMuTW9kZWxCYWNrZW5kIiwiX2F1dGhfdXNlcl9pZCI6IjEiLCJfYXV0aF91c2VyX2hhc2giOiIzZmY4NmExMjYxOTUwYmQ2ZDRhY2U4MWJlMTYyNmM3NjNhNjY0MGIyIn0=", "expire_date": "2016-03-16T16:25:24.650Z"}}, {"model": "sessions.session", "pk": "pou95w1lmmb511qr2s6rkjchvikowba5", "fields": {"session_data": "YmI5YjI2YjY0YmE1NGFjN2Q3MTZjOGE1ZTJiNWMxMjU2NWRkYTQzZDp7Im5leHQiOiIvc2VndWltaWVudG8vbG9naW4vIiwiZmFjZWJvb2tfc3RhdGUiOiJTc3J0UVRIa3BYc0RmeXMyYlBUaUpnWlgzMzYySERUcyJ9", "expire_date": "2016-02-18T08:10:40.712Z"}}, {"model": "sessions.session", "pk": "q90vjhiyh2i3r3fkln3nj799fcfnap48", "fields": {"session_data": "ZjNlNzcwZDZiZjdmZjc0ZDk5YTAxNTFhODlkYWFjNDNkZTc1ZjNmNzp7ImZhY2Vib29rX3N0YXRlIjoicDQ0WkM1eXpaNzhEcEZIR1g1TWc2YVVNTGhZSXdTdXoiLCJuZXh0IjoiL3NlZ3VpbWllbnRvL2xvZ2luLyJ9", "expire_date": "2016-03-15T21:02:47.765Z"}}, {"model": "sessions.session", "pk": "qlhz3bbcfl05d4n8c3onq3r3u1j4tfzx", "fields": {"session_data": "MWRiOGUwNTg5NTJiMGY3ODkxODg2OGM2MjA4ZGY0NjZlMTcwZTdiYzp7Im5leHQiOiIvcGVyZmlsL2Rhc2hib2FyZC8iLCJmYWNlYm9va19zdGF0ZSI6Ind6b3BaajhzcXRaTzZtWFRMQVpoVHRPZ1ZxeUltdGZqIn0=", "expire_date": "2016-05-05T10:50:25.746Z"}}, {"model": "sessions.session", "pk": "rweee50x9ezan1su87yepktn51bj409z", "fields": {"session_data": "OTljMDkxNWUwOWI1MmM4OTcxZWJmMjBiZGQ4ZWZiNWMxYWUyYTU3YTp7Im5leHQiOiIvc2VndWltaWVudG8vbG9naW4vIiwiZmFjZWJvb2tfc3RhdGUiOiJmWDgwQWJxSzczTUs2REdqa3YxV3BWOUxHcmVnUHdqeSJ9", "expire_date": "2016-03-18T02:00:20.003Z"}}, {"model": "sessions.session", "pk": "s5m0ninejdkmfi20hl8m9dspg8fo6799", "fields": {"session_data": "NDU0Yjc4MTYxOGQ1ODMyMTczMjlmNTRiNjkzYTQxZjU4OTM3MWIyNDp7Im5leHQiOiIvc2VndWltaWVudG8vbG9naW4vIiwiZmFjZWJvb2tfc3RhdGUiOiJTQnpwVFJqdUdRNHBVS1RMeTVOTDVCQ1JsT2VmcmRtSSJ9", "expire_date": "2016-04-22T17:33:59.725Z"}}, {"model": "sessions.session", "pk": "sodz34wqt3ma3nzxesku37mwheusa1f5", "fields": {"session_data": "YWEyMjhiZmM3MGRlYWJhMWY2YzViOTA3ZDkxMjg3MWVlMjY3YjU1NDp7Il9hdXRoX3VzZXJfYmFja2VuZCI6InNvY2lhbC5iYWNrZW5kcy5mYWNlYm9vay5GYWNlYm9va09BdXRoMiIsIm5leHQiOiIvc2VndWltaWVudG8vbG9naW4vIiwic29jaWFsX2F1dGhfbGFzdF9sb2dpbl9iYWNrZW5kIjoiZmFjZWJvb2siLCJfYXV0aF91c2VyX2lkIjoiNCIsIl9hdXRoX3VzZXJfaGFzaCI6ImEzY2ZiNTQxODY1ZDFjODgxMzZkNDE5ZTI0ZDQ5YWM1MDY2NzU2ZWYiLCJmYWNlYm9va19zdGF0ZSI6IktNVDNVeDk4a25wNjNBTGxmdEFGTFpBTEo1aVh5aTkwIn0=", "expire_date": "2016-03-02T00:57:56.344Z"}}, {"model": "sessions.session", "pk": "suyoimr2u5t3x8j5xw5sv5taxwwiqxre", "fields": {"session_data": "ZmJkM2I1ZDE3MTIwM2E3ZDhjM2E3ODhiZjMxYTI3OTcxNmRmYjUxMTp7ImZhY2Vib29rX3N0YXRlIjoiQ3hrYURDd082eUlnRU1tYTZWV0RhdzJKdDJkb0Q4dGYiLCJuZXh0IjoiL3NlZ3VpbWllbnRvL2xvZ2luLyJ9", "expire_date": "2016-03-10T18:39:13.692Z"}}, {"model": "sessions.session", "pk": "t6yt4ruubvkjmnsymlbrf0iwl07s1nz8", "fields": {"session_data": "ZTc1M2ZhNzJhMjVmZTUyMzZlYTI0NDU1ZWM2OTQyMmNkZGQ0ZGNiNjp7Im5leHQiOiIvc2VndWltaWVudG8vbG9naW4vIiwiZmFjZWJvb2tfc3RhdGUiOiJoUmVNZEVSR0ZDeHVXRWJDZzlwWmZKWWJJblpSakxzZiJ9", "expire_date": "2016-03-22T05:13:29.242Z"}}, {"model": "sessions.session", "pk": "tfuprkwzpc7mmpokgs12yxl51wzhtp4m", "fields": {"session_data": "NzllNTkzNjZjZGUzMGRjNjE1M2RhYWU0MDMxYWJjMThlM2Y2ZTUwYjp7InNvY2lhbF9hdXRoX2xhc3RfbG9naW5fYmFja2VuZCI6ImZhY2Vib29rIiwiX2F1dGhfdXNlcl9iYWNrZW5kIjoic29jaWFsLmJhY2tlbmRzLmZhY2Vib29rLkZhY2Vib29rT0F1dGgyIiwiX2F1dGhfdXNlcl9pZCI6IjMiLCJfYXV0aF91c2VyX2hhc2giOiIzNTRmMjA3OTk4ZGJmNWFkZmFhZmYwMjE1Njg1OTFmMDNlZjdmNTI0IiwiZmFjZWJvb2tfc3RhdGUiOiJJdGU3ZGhhdlFzZmhsMGhMR3JLYkhROVpnMVNYS1kxRiIsIm5leHQiOiIvc2VndWltaWVudG8vbG9naW4vIn0=", "expire_date": "2016-04-02T00:51:21.201Z"}}, {"model": "sessions.session", "pk": "tu2wea931vy70k5yx2c3let57r3jdfug", "fields": {"session_data": "NDQ4ZDg3NTJhYjllOWQ0MzYwOGJiOTljZWE2NzY1NDI4ZTQwNWNmODp7Il9hdXRoX3VzZXJfaWQiOiIxIiwiX2F1dGhfdXNlcl9oYXNoIjoiM2ZmODZhMTI2MTk1MGJkNmQ0YWNlODFiZTE2MjZjNzYzYTY2NDBiMiIsIl9hdXRoX3VzZXJfYmFja2VuZCI6ImRqYW5nby5jb250cmliLmF1dGguYmFja2VuZHMuTW9kZWxCYWNrZW5kIn0=", "expire_date": "2016-01-28T14:00:17.049Z"}}, {"model": "sessions.session", "pk": "ugu73yvsjh99kw960lfcg4b8ryddrcpm", "fields": {"session_data": "ZTQxMWZkYWU3MzBhYzJmMGExMzlhMDA5YmY0YTkwNWVjZTc5YTUzYjp7ImZhY2Vib29rX3N0YXRlIjoiQmJMb0xHeDhpZlMyMDMxWWFoRGlIU0FkVlNZYjVCMEgiLCJuZXh0IjoiL3NlZ3VpbWllbnRvL2xvZ2luLyJ9", "expire_date": "2016-02-07T04:01:43.579Z"}}, {"model": "sessions.session", "pk": "uuqodmsqcrdh2rndzkk73rqcghly6fii", "fields": {"session_data": "YjAyNGZlYjliM2I0NjQxOWNhZmY2MTdkYmU4MTM1MzdkM2IwNjNkMzp7Im5leHQiOiIvc2VndWltaWVudG8vbG9naW4vIiwiZmFjZWJvb2tfc3RhdGUiOiIzejhPMXN5Z0tvcWI3M3hITTg5Tm10TE5LWnh4djhXNCJ9", "expire_date": "2016-02-16T06:35:09.648Z"}}, {"model": "sessions.session", "pk": "uvzdtwufi639oc5vijqss2j9uwc6jxkk", "fields": {"session_data": "MTcwMTYzZGI5YTU5OTcxZjQ5OTMwZTM0NmVjMjAwYWQ1NTIxNjg5Yzp7Im5leHQiOiIvc2VndWltaWVudG8vbG9naW4vIiwiX2F1dGhfdXNlcl9oYXNoIjoiMzU0ZjIwNzk5OGRiZjVhZGZhYWZmMDIxNTY4NTkxZjAzZWY3ZjUyNCIsInNvY2lhbF9hdXRoX2xhc3RfbG9naW5fYmFja2VuZCI6ImZhY2Vib29rIiwiX2F1dGhfdXNlcl9iYWNrZW5kIjoic29jaWFsLmJhY2tlbmRzLmZhY2Vib29rLkZhY2Vib29rT0F1dGgyIiwiZmFjZWJvb2tfc3RhdGUiOiJ2cTBDemt6ZTFHalFKNjhVUTNneVJBbUVoZjNmODYxYyIsIl9hdXRoX3VzZXJfaWQiOiIzIn0=", "expire_date": "2016-01-22T16:39:40.051Z"}}, {"model": "sessions.session", "pk": "va9au3mjqgg3qftbqv6vctlk1138zk48", "fields": {"session_data": "YmRhZWNhYzA5YzBjZGE4NDgzOGU2ODJiMWNlOTZiMDNlMDg1OTcxNjp7ImZhY2Vib29rX3N0YXRlIjoidWV1SVczQmt4bmdRdzJpQkM2TnB5dVBoa0VHdVRxZFYifQ==", "expire_date": "2016-04-15T19:14:16.624Z"}}, {"model": "sessions.session", "pk": "vez9dvwmkwdivbrdh58zsrvet4ec7g5m", "fields": {"session_data": "Yjk3ZDRiY2JmYmZlNWU0ZWM3YTRkZWFhN2NiNTU4MTA1NmExODk3Yzp7Il9hdXRoX3VzZXJfYmFja2VuZCI6ImRqYW5nby5jb250cmliLmF1dGguYmFja2VuZHMuTW9kZWxCYWNrZW5kIiwiX2F1dGhfdXNlcl9pZCI6IjEiLCJfYXV0aF91c2VyX2hhc2giOiI3YWU2NDEwMGNkOWM4YmI4ZDYxNzcxZmE2OThkMmE5OGU5MTdjZDEzIn0=", "expire_date": "2016-01-22T14:28:36.979Z"}}, {"model": "sessions.session", "pk": "vkxlmbgoo0tjuxhie3ihhl64m6azwruk", "fields": {"session_data": "ZDllNDYyYzI3NjdlMjc1MzRiNDliOWZhYjcyYjhkNGI2NTc4MWU2Zjp7Im5leHQiOiIvc2VndWltaWVudG8vbG9naW4vIiwiZmFjZWJvb2tfc3RhdGUiOiJjN3ZFQW5aNzd4VFVqVnRraFdBQ29HekMwcTFoNEduQSJ9", "expire_date": "2016-03-24T07:32:36.738Z"}}, {"model": "sessions.session", "pk": "vlcl1lpisbdkoz8lcbbu2196dnd2edng", "fields": {"session_data": "YTY1NWQ1NmQ4ZjVhYWU5YmJlYTBjZWNlOTJjNDg4OGE2NWE4MGI4OTp7Il9hdXRoX3VzZXJfaWQiOiIyIiwiX2F1dGhfdXNlcl9oYXNoIjoiN2UyN2M5MjE1ZjIxMGJkYWE5YTc4YWYwMWIzNjY3Yzg1ODQyMDY3MiIsImZhY2Vib29rX3N0YXRlIjoiallvbUduWDJJTTFDUnpwdkdGUzVFMlQxV0pFUjBqMkEiLCJzb2NpYWxfYXV0aF9sYXN0X2xvZ2luX2JhY2tlbmQiOiJmYWNlYm9vayIsIl9hdXRoX3VzZXJfYmFja2VuZCI6InNvY2lhbC5iYWNrZW5kcy5mYWNlYm9vay5GYWNlYm9va09BdXRoMiJ9", "expire_date": "2016-04-15T19:06:21.956Z"}}, {"model": "sessions.session", "pk": "wei6qecre3i1ut2yc5zw2bh1zcxnb8jj", "fields": {"session_data": "MzM0MTRjNjMzMGU1ODc4Y2Y4NDE2YzBhYTM4NWEzODg4YjI4ZjEzOTp7ImZhY2Vib29rX3N0YXRlIjoiejBqUlFCdDJOa1FJdjlnOEVhdmEwZExud2hGRXAwZEoiLCJuZXh0IjoiL3NlZ3VpbWllbnRvL2xvZ2luLyJ9", "expire_date": "2016-02-20T08:10:56.152Z"}}, {"model": "sessions.session", "pk": "wgl6pxc1s02r6wdjtm3vtp1cwv4bqw80", "fields": {"session_data": "YTlmZTUzNjliM2NhMDczNDE0ZmU2ZDFmYTIyNzM5MTBjOGE3YTY4NTp7Im5leHQiOiIvc2VndWltaWVudG8vbG9naW4vIiwiZmFjZWJvb2tfc3RhdGUiOiJ2OEZXeHRiV3U4QmQ0cnQ2dDlTWkJ2SUk1VHRIdXU5eSJ9", "expire_date": "2016-01-25T08:00:00.584Z"}}, {"model": "sessions.session", "pk": "wwxh7pxbv2smbdgnmecu2a8hzcmjf8ws", "fields": {"session_data": "NGI5M2RkZTNhNTQyYTcwZmY0MDM0NDEzZDFjZmIxMGNhMzc5ZmVjNjp7Il9hdXRoX3VzZXJfYmFja2VuZCI6ImRqYW5nby5jb250cmliLmF1dGguYmFja2VuZHMuTW9kZWxCYWNrZW5kIiwiX2F1dGhfdXNlcl9pZCI6IjEiLCJfYXV0aF91c2VyX2hhc2giOiIzZmY4NmExMjYxOTUwYmQ2ZDRhY2U4MWJlMTYyNmM3NjNhNjY0MGIyIn0=", "expire_date": "2016-05-02T17:19:54.462Z"}}, {"model": "sessions.session", "pk": "xxfikrx0hwx6jj1mdqf7fphse4ye3dsr", "fields": {"session_data": "YzZjMmM5YjE5NTVkYjFmYTc4YTJhMDgxYTA2OTZkM2VjODQzOTFlZTp7Im5leHQiOiIvc2VndWltaWVudG8vbG9naW4vIiwiZmFjZWJvb2tfc3RhdGUiOiJlVGV5YXI1aGFIUHlnb01sc1hXS0hObXY5Nk5lQVRORSJ9", "expire_date": "2016-04-29T10:30:08.867Z"}}, {"model": "sessions.session", "pk": "y14uu25tenrb79n6f5yugl8v9715ohs2", "fields": {"session_data": "ZmViZWEzYmVhODg0ZTJjYzdhNTEyYWUzNDdkMmQwM2MxMzkxNzgwMDp7Im5leHQiOiIvc2VndWltaWVudG8vbG9naW4vIiwiZmFjZWJvb2tfc3RhdGUiOiJVQmNSSkxvdlEzWjNvd2hUY0RXaVBmVXJLSHFKVHljRiJ9", "expire_date": "2016-01-23T01:40:43.844Z"}}, {"model": "sessions.session", "pk": "ybf7qfj7adx9ctja2psx5ha5r9bdonmu", "fields": {"session_data": "ZjVmYzBkODNiYzc0NGFhZGFjMjZhZTljZWZjMzZlNGRkZjRiODQ5ODp7InNvY2lhbF9hdXRoX2xhc3RfbG9naW5fYmFja2VuZCI6ImZhY2Vib29rIiwibmV4dCI6Ii9zZWd1aW1pZW50by9sb2dpbi8iLCJfYXV0aF91c2VyX2JhY2tlbmQiOiJzb2NpYWwuYmFja2VuZHMuZmFjZWJvb2suRmFjZWJvb2tPQXV0aDIiLCJfYXV0aF91c2VyX2lkIjoiMyIsIl9hdXRoX3VzZXJfaGFzaCI6IjM1NGYyMDc5OThkYmY1YWRmYWFmZjAyMTU2ODU5MWYwM2VmN2Y1MjQiLCJmYWNlYm9va19zdGF0ZSI6Ilo0dE1YaGRHWG9IN0U4SWIwczNabmxnZTF2VmNjUDlBIn0=", "expire_date": "2016-02-25T16:43:03.032Z"}}, {"model": "seguimiento.nuevapregunta", "pk": 29, "fields": {"nombre": "Patricia - TFa", "tel": "7717101609", "mail": "soyrey7@gmail.com", "size": "150", "plazo": "1", "date": "2016-01-19T17:53:51.770Z", "comentario": "Se le llam\u00f3 el 21 y 22 de enero no tiene.tiempo quiere llamada para el 29 ene\r\nllame 8-2-16 no contesto\r\nllame 9-02-16 no contesto \r\n10-2-16 llame y no contesto \r\n11-2-16 no.contesto ", "cerrado": true, "contacto": "2016-04-25"}}, {"model": "seguimiento.nuevapregunta", "pk": 94, "fields": {"nombre": "rosa barcenas barreto - TFacil", "tel": "5534002725", "mail": "barcenasbr89@gmail.com", "size": "150m", "plazo": "60 meses", "date": "2016-01-27T22:14:48.966Z", "comentario": "sele marco 28-1-16 no contesto", "cerrado": true, "contacto": null}}, {"model": "seguimiento.nuevapregunta", "pk": 126, "fields": {"nombre": "Rolando - TFacil", "tel": "5570139108", "mail": "enfermero19700791@gmail.com", "size": "300m", "plazo": "60 meses", "date": "2016-01-31T14:34:41.269Z", "comentario": "Marque y no contesto\r\n9-2-16 hable con el se le explico y envio correo informativo le marcare proximo jueves para ver que resuelve", "cerrado": true, "contacto": "2016-08-01"}}, {"model": "seguimiento.nuevapregunta", "pk": 182, "fields": {"nombre": "Azucena - TFacil", "tel": "5585811017", "mail": "azumoran@hotmail.com", "size": "300m", "plazo": "12 meses", "date": "2016-02-04T05:58:14.009Z", "comentario": "9-2-16 telefono erroneo envio correo de contacto", "cerrado": true, "contacto": "2016-04-27"}}, {"model": "seguimiento.nuevapregunta", "pk": 194, "fields": {"nombre": "Ruben Meneses - TFacil", "tel": "5518297614", "mail": "contacto.crafty@gmail.com", "size": "300m", "plazo": "60 meses", "date": "2016-02-08T18:35:41.613Z", "comentario": "9-2-16 se fue a buzon", "cerrado": true, "contacto": "2016-06-01"}}, {"model": "seguimiento.nuevapregunta", "pk": 229, "fields": {"nombre": "rosa juarez - TFacil", "tel": "5532983506", "mail": "rosyjuarez77@yahoo.com", "size": "300m", "plazo": "36 meses", "date": "2016-02-19T06:08:54.851Z", "comentario": null, "cerrado": true, "contacto": "2016-11-01"}}, {"model": "seguimiento.nuevapregunta", "pk": 245, "fields": {"nombre": "angely rodriguez islas - PVision", "tel": "7711812089", "mail": "anyarli@hotmail.com", "size": "Otro Tama\u00f1o", "plazo": "12 meses", "date": "2016-02-29T00:25:13Z", "comentario": "", "cerrado": true, "contacto": "2016-03-23"}}, {"model": "seguimiento.nuevapregunta", "pk": 258, "fields": {"nombre": "Gerardo carbajal - TFacil", "tel": "5591393808", "mail": "gcaab@yahoo.com.mx", "size": "300m", "plazo": "60 meses", "date": "2016-03-03T22:09:55.748Z", "comentario": null, "cerrado": true, "contacto": "2016-04-26"}}, {"model": "seguimiento.nuevapregunta", "pk": 273, "fields": {"nombre": "adalberto reyes - TFacil", "tel": "5531926133", "mail": "adal_1919@live.com.mx", "size": "300m", "plazo": "36 meses", "date": "2016-03-12T03:29:57.658Z", "comentario": null, "cerrado": true, "contacto": "2016-04-23"}}, {"model": "seguimiento.nuevapregunta", "pk": 275, "fields": {"nombre": "Alejandro Mendoza - TFacil", "tel": "5563517229", "mail": "aleckz944@gmail.com", "size": "Otro Tama\u00f1o", "plazo": "36 meses", "date": "2016-03-12T18:54:13.665Z", "comentario": null, "cerrado": true, "contacto": "2016-04-25"}}, {"model": "seguimiento.nuevapregunta", "pk": 277, "fields": {"nombre": "Artemio - TFacil", "tel": "5559394348", "mail": "soyrey7@gmail.com", "size": "150m", "plazo": "60 meses", "date": "2016-03-12T20:08:48.814Z", "comentario": null, "cerrado": true, "contacto": "2016-04-23"}}, {"model": "seguimiento.nuevapregunta", "pk": 300, "fields": {"nombre": "Velia garcia - TFacil", "tel": "7711549006", "mail": "italivy23@oulock.com", "size": "150m", "plazo": "36 meses", "date": "2016-03-14T17:43:25.984Z", "comentario": null, "cerrado": true, "contacto": "2016-04-29"}}, {"model": "seguimiento.nuevapregunta", "pk": 317, "fields": {"nombre": "Victor  - TFacil", "tel": "4423195411", "mail": "Vianbaal@gmail.com", "size": "Otro Tama\u00f1o", "plazo": "12 meses", "date": "2016-03-21T02:57:55.755Z", "comentario": null, "cerrado": true, "contacto": "2016-05-04"}}, {"model": "seguimiento.nuevapregunta", "pk": 328, "fields": {"nombre": "HERON  - TFacil", "tel": "7771912591", "mail": "cajimher@gmail.com", "size": "150m", "plazo": "36 meses", "date": "2016-03-25T17:37:25.132Z", "comentario": null, "cerrado": true, "contacto": "2016-04-23"}}, {"model": "seguimiento.nuevapregunta", "pk": 329, "fields": {"nombre": "jocelyn - TFacil", "tel": "5564043504", "mail": "jocelyn.rcjos@live.com", "size": "120m", "plazo": "24 meses", "date": "2016-03-25T19:00:47.263Z", "comentario": null, "cerrado": true, "contacto": "2016-04-27"}}, {"model": "seguimiento.nuevapregunta", "pk": 343, "fields": {"nombre": "CINTIA CORTES Y ENRRIQUE - TFacil", "tel": "5540160390", "mail": "ccc.olimpia@gmail.com", "size": "150m", "plazo": "60 meses", "date": "2016-03-29T21:48:43.283Z", "comentario": null, "cerrado": true, "contacto": "2016-04-21"}}, {"model": "seguimiento.nuevapregunta", "pk": 345, "fields": {"nombre": "Mario  - TFacil", "tel": "7712419274", "mail": "merton_zion@hotmail.com", "size": "120m", "plazo": "12 meses", "date": "2016-03-29T22:42:20.654Z", "comentario": null, "cerrado": true, "contacto": "2016-04-18"}}, {"model": "seguimiento.nuevapregunta", "pk": 358, "fields": {"nombre": "Guillermo - TFacil", "tel": "7713205103", "mail": "Guillermosalinassantos@yahoo.com.mx", "size": "300m", "plazo": "60 meses", "date": "2016-04-07T19:15:38.150Z", "comentario": null, "cerrado": true, "contacto": "2016-04-18"}}, {"model": "seguimiento.nuevapregunta", "pk": 364, "fields": {"nombre": "irma rosales - TFacil", "tel": "0166430844", "mail": "calderonesgto@hotmail.com", "size": "120m", "plazo": "60 meses", "date": "2016-04-08T02:26:10.676Z", "comentario": null, "cerrado": true, "contacto": null}}, {"model": "seguimiento.nuevapregunta", "pk": 365, "fields": {"nombre": "Arturo Mejia - TFacil", "tel": "7712669417", "mail": "mejiarthur@yahoo.com.mx", "size": "150m", "plazo": "60 meses", "date": "2016-04-08T15:09:00.618Z", "comentario": null, "cerrado": true, "contacto": "2016-04-25"}}, {"model": "seguimiento.nuevapregunta", "pk": 367, "fields": {"nombre": "SINAHI HERNANDEZ - TFacil", "tel": "7712955857", "mail": "SINAIHDZ89@GMAIL.COM", "size": "300m", "plazo": "24 meses", "date": "2016-04-08T20:09:04.775Z", "comentario": null, "cerrado": true, "contacto": "2016-04-28"}}, {"model": "seguimiento.nuevapregunta", "pk": 368, "fields": {"nombre": "Sergio zamudio - TFacil", "tel": "5523297162", "mail": "Sergiozamudiogarc@gmail.com", "size": "300m", "plazo": "36 meses", "date": "2016-04-09T01:52:31.196Z", "comentario": null, "cerrado": true, "contacto": "2016-04-23"}}, {"model": "seguimiento.nuevapregunta", "pk": 372, "fields": {"nombre": "roberto Garcia - TFacil", "tel": "5524151111", "mail": "rgarcia07@hotmail.com", "size": "150m", "plazo": "36 meses", "date": "2016-04-09T17:02:21.265Z", "comentario": null, "cerrado": true, "contacto": "2016-04-16"}}, {"model": "seguimiento.nuevapregunta", "pk": 379, "fields": {"nombre": "reynalda - TFacil", "tel": "5585806149", "mail": "reyherey@yahoo.com.mx", "size": "300m", "plazo": "36 meses", "date": "2016-04-10T22:23:09.049Z", "comentario": null, "cerrado": true, "contacto": "2016-04-28"}}, {"model": "seguimiento.nuevapregunta", "pk": 380, "fields": {"nombre": "Hebert Arturo Rasgado Mota - TFacil", "tel": "5526755399", "mail": "Hebert_r@hotmail.com", "size": "150m", "plazo": "60 meses", "date": "2016-04-11T00:52:46.897Z", "comentario": null, "cerrado": true, "contacto": "2016-04-25"}}, {"model": "seguimiento.nuevapregunta", "pk": 382, "fields": {"nombre": "Miriam  - PVision", "tel": "7711484083", "mail": "pachuca@len.com", "size": "120m", "plazo": null, "date": "2016-04-11T20:52:19.537Z", "comentario": null, "cerrado": true, "contacto": "2016-04-29"}}, {"model": "seguimiento.nuevapregunta", "pk": 383, "fields": {"nombre": "eduardo macias - PVision", "tel": "5537511785", "mail": "eduardo.macias.f@hotmail.com", "size": "150m", "plazo": "12 meses", "date": "2016-04-12T21:00:32.935Z", "comentario": null, "cerrado": true, "contacto": "2016-04-22"}}, {"model": "seguimiento.nuevapregunta", "pk": 386, "fields": {"nombre": "ketzalia frias - TFacil", "tel": "5568124497", "mail": "leticiaevv030207@gmail.com", "size": "Otro Tama\u00f1o", "plazo": "60 meses", "date": "2016-04-13T01:01:28.983Z", "comentario": null, "cerrado": true, "contacto": "2016-04-18"}}, {"model": "seguimiento.nuevapregunta", "pk": 388, "fields": {"nombre": "lidia pineda romero - PVision", "tel": "53-56-08-10", "mail": "lidia.pineda@habitadesarrollos.com", "size": "Otro Tama\u00f1o", "plazo": "12 meses", "date": "2016-04-13T23:14:10.584Z", "comentario": null, "cerrado": true, "contacto": "2016-05-12"}}, {"model": "seguimiento.nuevapregunta", "pk": 389, "fields": {"nombre": "andres bardales velazquez - TFacil", "tel": "7711463958", "mail": "Andresbv@hotmail.com", "size": "150m", "plazo": "12 meses", "date": "2016-04-14T01:54:46.065Z", "comentario": null, "cerrado": true, "contacto": "2016-04-26"}}, {"model": "seguimiento.nuevapregunta", "pk": 412, "fields": {"nombre": "Abraham torres perez - PVision", "tel": "7717940992", "mail": "pechutn@gmail.com", "size": "300m", "plazo": "12 meses", "date": "2016-04-16T04:42:03.410Z", "comentario": null, "cerrado": false, "contacto": null}}, {"model": "seguimiento.nuevapregunta", "pk": 413, "fields": {"nombre": "Clairy Hadjikakou - TFacil", "tel": "0445567888999", "mail": "Ideasmanifiestas@gmail.com", "size": "300m", "plazo": "60 meses", "date": "2016-04-16T13:12:36.852Z", "comentario": null, "cerrado": false, "contacto": null}}, {"model": "seguimiento.nuevapregunta", "pk": 416, "fields": {"nombre": "HUGO NARVAEZ GOMEZ - PVision", "tel": "53250721", "mail": "hugo.narvaez.g@hotmail.com", "size": "150m", "plazo": "24 meses", "date": "2016-04-18T18:16:04.790Z", "comentario": null, "cerrado": false, "contacto": null}}, {"model": "seguimiento.nuevapregunta", "pk": 421, "fields": {"nombre": "Adriana Rodr\u00edguez Arriola - PVision", "tel": "5553761433", "mail": "peque_nissi@hotmail.com", "size": "150m", "plazo": "12 meses", "date": "2016-04-22T18:33:16.082Z", "comentario": null, "cerrado": false, "contacto": null}}, {"model": "seguimiento.nuevapregunta", "pk": 422, "fields": {"nombre": "zuleyma agui\u00f1iga - TFacil", "tel": "5510516862", "mail": "arq_etm7@hotmail.com", "size": "150m", "plazo": "60 meses", "date": "2016-04-23T22:10:11.970Z", "comentario": null, "cerrado": false, "contacto": null}}, {"model": "seguimiento.nuevapregunta", "pk": 423, "fields": {"nombre": "karlos - TFacil", "tel": "5539776302", "mail": "karlos.escamilla@gmail.com", "size": "300m", "plazo": "12 meses", "date": "2016-04-24T02:30:26.401Z", "comentario": null, "cerrado": false, "contacto": null}}, {"model": "seguimiento.nuevapregunta", "pk": 424, "fields": {"nombre": "karlos - TFacil", "tel": "5539776302", "mail": "karlos.escamilla@gmail.com", "size": "300m", "plazo": "12 meses", "date": "2016-04-24T02:31:06.505Z", "comentario": null, "cerrado": false, "contacto": null}}, {"model": "seguimiento.nuevapregunta", "pk": 425, "fields": {"nombre": "karlos - TFacil", "tel": "5539776302", "mail": "karlos.escamilla@gmail.com", "size": "300m", "plazo": "12 meses", "date": "2016-04-24T02:31:06.586Z", "comentario": null, "cerrado": false, "contacto": null}}, {"model": "seguimiento.nuevapregunta", "pk": 426, "fields": {"nombre": " - TFacil", "tel": "", "mail": "", "size": "", "plazo": null, "date": "2016-04-24T02:31:22.162Z", "comentario": null, "cerrado": false, "contacto": null}}, {"model": "seguimiento.nuevapregunta", "pk": 427, "fields": {"nombre": "karlos Escamilla - TFacil", "tel": "5539776302", "mail": "karlos.escamilla@gmail.com", "size": "300m", "plazo": "12 meses", "date": "2016-04-24T02:32:02.078Z", "comentario": null, "cerrado": false, "contacto": null}}, {"model": "seguimiento.nuevapregunta", "pk": 428, "fields": {"nombre": "Martin - TFacil", "tel": "5527579729", "mail": "spit_her@hotmail.com", "size": "300m", "plazo": "36 meses", "date": "2016-04-24T07:15:10.467Z", "comentario": null, "cerrado": false, "contacto": null}}, {"model": "seguimiento.nuevapregunta", "pk": 429, "fields": {"nombre": "Martin - TFacil", "tel": "5527579729", "mail": "spit_her@hotmail.com", "size": "300m", "plazo": "36 meses", "date": "2016-04-24T07:15:15.024Z", "comentario": null, "cerrado": false, "contacto": null}}, {"model": "seguimiento.nuevapregunta", "pk": 430, "fields": {"nombre": "Martin - TFacil", "tel": "5527579729", "mail": "spit_her@hotmail.com", "size": "300m", "plazo": "36 meses", "date": "2016-04-24T07:15:32.832Z", "comentario": null, "cerrado": false, "contacto": null}}, {"model": "seguimiento.nuevapregunta", "pk": 431, "fields": {"nombre": "maximino - TFacil", "tel": "5547150772", "mail": "maximinorguez@gmail.com", "size": "300m", "plazo": "60 meses", "date": "2016-04-25T14:58:40.335Z", "comentario": null, "cerrado": false, "contacto": null}}, {"model": "seguimiento.nuevapregunta", "pk": 432, "fields": {"nombre": "Xochitl zamora soto - TFacil", "tel": "7711292307", "mail": "Xozaso@gmail.com", "size": "120m", "plazo": "36 meses", "date": "2016-04-25T16:28:27.768Z", "comentario": null, "cerrado": false, "contacto": null}}, {"model": "seguimiento.actualizacion", "pk": 10, "fields": {"pregunta": 126, "body": "11-2-16 esta ocupado llamare ma\u00f1ana", "created": "2016-02-12T00:39:04.952Z", "updated": "2016-02-11", "active": true}}, {"model": "seguimiento.actualizacion", "pk": 20, "fields": {"pregunta": 182, "body": "11-2-16 envio segundo correo contacto", "created": "2016-02-12T01:53:15.987Z", "updated": "2016-02-11", "active": true}}, {"model": "seguimiento.actualizacion", "pk": 22, "fields": {"pregunta": 194, "body": "11-2-16 se acaban los tonos envio correo de contacto", "created": "2016-02-12T02:00:08.204Z", "updated": "2016-02-11", "active": true}}, {"model": "seguimiento.actualizacion", "pk": 28, "fields": {"pregunta": 182, "body": "comenta la clienta que le interesa un terreno pero que pueda tener uso comercial ya que pienza poner una plaza q le llame cuando tenga uno", "created": "2016-02-12T16:55:28.866Z", "updated": "2016-02-12", "active": true}}, {"model": "seguimiento.actualizacion", "pk": 29, "fields": {"pregunta": 182, "body": "comenta la clienta que le interesa un terreno pero que pueda tener uso comercial ya que pienza poner una plaza q le llame cuando tenga uno", "created": "2016-02-12T16:55:31.337Z", "updated": "2016-02-12", "active": true}}, {"model": "seguimiento.actualizacion", "pk": 40, "fields": {"pregunta": 194, "body": "Hablamos envie correo informativo llamar siguiente dia ", "created": "2016-02-12T21:37:39.246Z", "updated": "2016-02-12", "active": true}}, {"model": "seguimiento.actualizacion", "pk": 45, "fields": {"pregunta": 29, "body": "Comenta q la que quiere un terreno es su hermana t que no sabe cuando ir\u00e1 a Pachuca llamar\u00e9 pr\u00f3xima semana para ver si me da.su numero", "created": "2016-02-12T21:59:47.260Z", "updated": "2016-02-12", "active": true}}, {"model": "seguimiento.actualizacion", "pk": 47, "fields": {"pregunta": 29, "body": "Llamar pr\u00f3ximo martes ", "created": "2016-02-12T22:20:55.850Z", "updated": "2016-02-12", "active": true}}, {"model": "seguimiento.actualizacion", "pk": 53, "fields": {"pregunta": 126, "body": "No contesto ", "created": "2016-02-12T22:45:52.914Z", "updated": "2016-02-12", "active": true}}, {"model": "seguimiento.actualizacion", "pk": 60, "fields": {"pregunta": 194, "body": "se acabaron los tonos", "created": "2016-02-17T20:20:56.241Z", "updated": "2016-02-17", "active": true}}, {"model": "seguimiento.actualizacion", "pk": 68, "fields": {"pregunta": 29, "body": "le marque y dice que su hermana no quiere un terreno tan rustico pero que tal vez ella mas adelante  cuando le pregunte\r\n le llamare en un mes", "created": "2016-02-17T20:56:05.271Z", "updated": "2016-02-17", "active": true}}, {"model": "seguimiento.actualizacion", "pk": 95, "fields": {"pregunta": 126, "body": "que se va espera POR UN TATAMIENTO DE SU HIJO", "created": "2016-02-18T21:31:06.947Z", "updated": "2016-02-18", "active": true}}, {"model": "seguimiento.actualizacion", "pk": 101, "fields": {"pregunta": 194, "body": "que vive hasta xochimilco y que no tiene auto se le ofrecio vendedor con auto para que lo lleven y pidio llamada siguiente dia", "created": "2016-02-18T21:55:19.188Z", "updated": "2016-02-18", "active": true}}, {"model": "seguimiento.actualizacion", "pk": 114, "fields": {"pregunta": 194, "body": "llamar", "created": "2016-02-21T00:12:05.227Z", "updated": "2016-02-20", "active": true}}, {"model": "seguimiento.actualizacion", "pk": 121, "fields": {"pregunta": 229, "body": "si le interesan dos quiere llamada el prox jueves para cita envio correo informativo", "created": "2016-02-21T01:12:15.777Z", "updated": "2016-02-20", "active": true}}, {"model": "seguimiento.actualizacion", "pk": 150, "fields": {"pregunta": 245, "body": "quiere un terreno de 700 mts le mando correo informativo", "created": "2016-03-03T20:58:25.397Z", "updated": "2016-03-03", "active": true}}, {"model": "seguimiento.actualizacion", "pk": 157, "fields": {"pregunta": 258, "body": "OK", "created": "2016-03-03T22:22:50.897Z", "updated": "2016-03-03", "active": true}}, {"model": "seguimiento.actualizacion", "pk": 171, "fields": {"pregunta": 194, "body": "que no tiene tiempo por escuela que le marque semana que entra", "created": "2016-03-04T18:34:09.452Z", "updated": "2016-03-04", "active": true}}, {"model": "seguimiento.actualizacion", "pk": 178, "fields": {"pregunta": 229, "body": "que no puede por inconveniente que le llame en 15 dias", "created": "2016-03-04T19:05:32.652Z", "updated": "2016-03-04", "active": true}}, {"model": "seguimiento.actualizacion", "pk": 179, "fields": {"pregunta": 229, "body": "que no puede por inconveniente que le llame en 15 dias", "created": "2016-03-04T19:05:32.804Z", "updated": "2016-03-04", "active": true}}, {"model": "seguimiento.actualizacion", "pk": 211, "fields": {"pregunta": 245, "body": "ok", "created": "2016-03-11T00:19:59.360Z", "updated": "2016-03-10", "active": true}}, {"model": "seguimiento.actualizacion", "pk": 219, "fields": {"pregunta": 194, "body": "o", "created": "2016-03-12T01:05:31.622Z", "updated": "2016-03-11", "active": true}}, {"model": "seguimiento.actualizacion", "pk": 229, "fields": {"pregunta": 277, "body": "le interesa pero hasta depues de la quincena recibe una tanda", "created": "2016-03-12T23:34:59.121Z", "updated": "2016-03-12", "active": true}}, {"model": "seguimiento.actualizacion", "pk": 231, "fields": {"pregunta": 273, "body": "envie whats informativo el me avisara cuando", "created": "2016-03-12T23:37:54.704Z", "updated": "2016-03-12", "active": true}}, {"model": "seguimiento.actualizacion", "pk": 241, "fields": {"pregunta": 275, "body": "informe y envie coreo informativo quiere verlos un  lunes llamare prox viernes para agendar cita", "created": "2016-03-13T00:19:02.568Z", "updated": "2016-03-12", "active": true}}, {"model": "seguimiento.actualizacion", "pk": 242, "fields": {"pregunta": 29, "body": "llame dice que su hermana no le interesa pero le ofreci a ella uno sin enganche y si le parecio ire pasando semana santa", "created": "2016-03-17T16:16:42.176Z", "updated": "2016-03-17", "active": true}}, {"model": "seguimiento.actualizacion", "pk": 245, "fields": {"pregunta": 300, "body": "quiere un pie de casa con su credito infonavit", "created": "2016-03-17T16:33:15.276Z", "updated": "2016-03-17", "active": true}}, {"model": "seguimiento.actualizacion", "pk": 251, "fields": {"pregunta": 273, "body": "quiere cita para prox domingo confirmare cita el sabado", "created": "2016-03-17T16:58:29.010Z", "updated": "2016-03-17", "active": true}}, {"model": "seguimiento.actualizacion", "pk": 261, "fields": {"pregunta": 275, "body": "No puede hasta la siguiente semana llamar\u00e9 en ocho dias", "created": "2016-03-19T01:02:11.119Z", "updated": "2016-03-18", "active": true}}, {"model": "seguimiento.actualizacion", "pk": 265, "fields": {"pregunta": 258, "body": "Platicamos quiere vendedor con auto porque el suyo esta descompuesto llam\u00f3 el lunes para confirmar cita martes 10 am", "created": "2016-03-19T01:18:21.735Z", "updated": "2016-03-18", "active": true}}, {"model": "seguimiento.actualizacion", "pk": 268, "fields": {"pregunta": 245, "body": "Ok", "created": "2016-03-19T01:24:18.360Z", "updated": "2016-03-18", "active": true}}, {"model": "seguimiento.actualizacion", "pk": 269, "fields": {"pregunta": 229, "body": "No entro la llamada", "created": "2016-03-19T01:27:03.903Z", "updated": "2016-03-18", "active": true}}, {"model": "seguimiento.actualizacion", "pk": 272, "fields": {"pregunta": 194, "body": "Q no puede marco en oxjo d\u00edas", "created": "2016-03-19T01:47:18.204Z", "updated": "2016-03-18", "active": true}}, {"model": "seguimiento.actualizacion", "pk": 274, "fields": {"pregunta": 182, "body": "Ok", "created": "2016-03-19T01:50:52.573Z", "updated": "2016-03-18", "active": true}}, {"model": "seguimiento.actualizacion", "pk": 285, "fields": {"pregunta": 229, "body": "se fue a buzon", "created": "2016-03-21T17:39:59.231Z", "updated": "2016-03-21", "active": true}}, {"model": "seguimiento.actualizacion", "pk": 290, "fields": {"pregunta": 273, "body": "ok", "created": "2016-03-21T18:02:28.705Z", "updated": "2016-03-21", "active": true}}, {"model": "seguimiento.actualizacion", "pk": 292, "fields": {"pregunta": 277, "body": "q salio por trabajo un mees le veo menos interes ", "created": "2016-03-21T18:10:35.466Z", "updated": "2016-03-21", "active": true}}, {"model": "seguimiento.actualizacion", "pk": 296, "fields": {"pregunta": 317, "body": "quiere mas centrico 300 mts", "created": "2016-03-21T18:48:05.831Z", "updated": "2016-03-21", "active": true}}, {"model": "seguimiento.actualizacion", "pk": 297, "fields": {"pregunta": 258, "body": "5518594399", "created": "2016-03-22T13:57:54.306Z", "updated": "2016-03-22", "active": true}}, {"model": "seguimiento.actualizacion", "pk": 298, "fields": {"pregunta": 258, "body": "5518594399", "created": "2016-03-22T13:58:09.565Z", "updated": "2016-03-22", "active": true}}, {"model": "seguimiento.actualizacion", "pk": 302, "fields": {"pregunta": 229, "body": "se fue a buzon envio correo de contacto", "created": "2016-03-24T16:27:35.108Z", "updated": "2016-03-24", "active": true}}, {"model": "seguimiento.actualizacion", "pk": 304, "fields": {"pregunta": 258, "body": "tambien es posible que este numero sea de el 5570862635 ", "created": "2016-03-24T16:41:55.943Z", "updated": "2016-03-24", "active": true}}, {"model": "seguimiento.actualizacion", "pk": 307, "fields": {"pregunta": 273, "body": "se va a buzon envio correo de contacto", "created": "2016-03-24T16:52:28.919Z", "updated": "2016-03-24", "active": true}}, {"model": "seguimiento.actualizacion", "pk": 314, "fields": {"pregunta": 29, "body": "se acabaron los tonos", "created": "2016-04-01T16:59:08.649Z", "updated": "2016-04-01", "active": true}}, {"model": "seguimiento.actualizacion", "pk": 316, "fields": {"pregunta": 182, "body": "buscare ver el terreno de isidoro", "created": "2016-04-01T17:08:02.734Z", "updated": "2016-04-01", "active": true}}, {"model": "seguimiento.actualizacion", "pk": 318, "fields": {"pregunta": 194, "body": "que no puede hasta junio", "created": "2016-04-01T17:14:24.498Z", "updated": "2016-04-01", "active": true}}, {"model": "seguimiento.actualizacion", "pk": 319, "fields": {"pregunta": 229, "body": "ya no tiene interes ahorita hasta fin de a\u00f1o", "created": "2016-04-01T17:46:46.724Z", "updated": "2016-04-01", "active": true}}, {"model": "seguimiento.actualizacion", "pk": 324, "fields": {"pregunta": 345, "body": "buzon", "created": "2016-04-07T17:55:19.827Z", "updated": "2016-04-07", "active": true}}, {"model": "seguimiento.actualizacion", "pk": 326, "fields": {"pregunta": 343, "body": "5513386182 rocio cortes  enrrique quiere que se le de toda la informacion a rocio pero no la encontre", "created": "2016-04-07T18:13:47.309Z", "updated": "2016-04-07", "active": true}}, {"model": "seguimiento.actualizacion", "pk": 330, "fields": {"pregunta": 329, "body": "se acaban los tonos", "created": "2016-04-07T18:32:20.906Z", "updated": "2016-04-07", "active": true}}, {"model": "seguimiento.actualizacion", "pk": 331, "fields": {"pregunta": 364, "body": "esta mal el tel envie correo de contacto", "created": "2016-04-08T17:41:19.204Z", "updated": "2016-04-08", "active": true}}, {"model": "seguimiento.actualizacion", "pk": 332, "fields": {"pregunta": 358, "body": "se fue a buzon", "created": "2016-04-08T17:43:04.958Z", "updated": "2016-04-08", "active": true}}, {"model": "seguimiento.actualizacion", "pk": 333, "fields": {"pregunta": 29, "body": "se acabaron los tonos", "created": "2016-04-08T17:44:24.160Z", "updated": "2016-04-08", "active": true}}, {"model": "seguimiento.actualizacion", "pk": 336, "fields": {"pregunta": 258, "body": "llame y dice que puede ir proximo sabado en 8 dias", "created": "2016-04-08T18:11:32.024Z", "updated": "2016-04-08", "active": true}}, {"model": "seguimiento.actualizacion", "pk": 338, "fields": {"pregunta": 29, "body": "que no puede este fin de semana ir a ver los terrenos hasta el otro", "created": "2016-04-11T17:24:01.442Z", "updated": "2016-04-11", "active": true}}, {"model": "seguimiento.actualizacion", "pk": 343, "fields": {"pregunta": 273, "body": "que se iba a buzon el tel por que salio pero que ahora si va con su compa\u00f1era llamar prox miercoles para confirmar dia", "created": "2016-04-11T17:47:22.510Z", "updated": "2016-04-11", "active": true}}, {"model": "seguimiento.actualizacion", "pk": 345, "fields": {"pregunta": 275, "body": "se acaban los tonos", "created": "2016-04-11T17:51:55.577Z", "updated": "2016-04-11", "active": true}}, {"model": "seguimiento.actualizacion", "pk": 348, "fields": {"pregunta": 300, "body": "ok", "created": "2016-04-11T17:55:56.955Z", "updated": "2016-04-11", "active": true}}, {"model": "seguimiento.actualizacion", "pk": 349, "fields": {"pregunta": 317, "body": "ok", "created": "2016-04-11T17:58:39.736Z", "updated": "2016-04-11", "active": true}}, {"model": "seguimiento.actualizacion", "pk": 352, "fields": {"pregunta": 275, "body": "regreso llamada perdida y dice que para fin de mes hace una cita le llamare el 25 abril", "created": "2016-04-11T18:18:33.121Z", "updated": "2016-04-11", "active": true}}, {"model": "seguimiento.actualizacion", "pk": 354, "fields": {"pregunta": 345, "body": "le envio correo informativo le interesa el credito", "created": "2016-04-11T18:25:01.235Z", "updated": "2016-04-11", "active": true}}, {"model": "seguimiento.actualizacion", "pk": 356, "fields": {"pregunta": 329, "body": "hable con la persona le di la informacion y envio correo informativo le llamare miercoles de preferencia a las 6", "created": "2016-04-11T18:47:56.644Z", "updated": "2016-04-11", "active": true}}, {"model": "seguimiento.actualizacion", "pk": 357, "fields": {"pregunta": 328, "body": "platicamos y se le mando correo informativo y ubicacion de la oficina por whats app ", "created": "2016-04-11T19:03:48.523Z", "updated": "2016-04-11", "active": true}}, {"model": "seguimiento.actualizacion", "pk": 362, "fields": {"pregunta": 358, "body": "7711563735", "created": "2016-04-12T20:05:07.400Z", "updated": "2016-04-12", "active": true}}, {"model": "seguimiento.actualizacion", "pk": 364, "fields": {"pregunta": 358, "body": "ok", "created": "2016-04-12T20:25:46.394Z", "updated": "2016-04-12", "active": true}}, {"model": "seguimiento.actualizacion", "pk": 365, "fields": {"pregunta": 365, "body": "se llevo a ver los terrenos y dio apartado de 3000 npara dos en proceso de compra", "created": "2016-04-12T20:26:29.905Z", "updated": "2016-04-12", "active": true}}, {"model": "seguimiento.actualizacion", "pk": 366, "fields": {"pregunta": 368, "body": "le mando coreo informativo y dice que va  a salir esta semana que le llame de este viernes al otro para hacer cita para el sabado", "created": "2016-04-13T16:30:06.234Z", "updated": "2016-04-13", "active": true}}, {"model": "seguimiento.actualizacion", "pk": 367, "fields": {"pregunta": 372, "body": "le made informativo y quiere ver el del huixmi ", "created": "2016-04-13T16:45:35.138Z", "updated": "2016-04-13", "active": true}}, {"model": "seguimiento.actualizacion", "pk": 369, "fields": {"pregunta": 379, "body": "que si le interesa se le dio la informacion le llamare el 20 para hacer cita para el viernes 22", "created": "2016-04-13T19:45:04.311Z", "updated": "2016-04-13", "active": true}}, {"model": "seguimiento.actualizacion", "pk": 370, "fields": {"pregunta": 380, "body": "se va a buzon", "created": "2016-04-13T19:47:16.266Z", "updated": "2016-04-13", "active": true}}, {"model": "seguimiento.actualizacion", "pk": 371, "fields": {"pregunta": 372, "body": "ya confirmamos ubicacion por maps", "created": "2016-04-13T19:50:54.447Z", "updated": "2016-04-13", "active": true}}, {"model": "seguimiento.actualizacion", "pk": 372, "fields": {"pregunta": 372, "body": "ya confirmamos ubicacion por maps", "created": "2016-04-13T19:51:16.802Z", "updated": "2016-04-13", "active": true}}, {"model": "seguimiento.actualizacion", "pk": 373, "fields": {"pregunta": 382, "body": "que no esta es un negocio de calendarios", "created": "2016-04-13T21:52:00.199Z", "updated": "2016-04-13", "active": true}}, {"model": "seguimiento.actualizacion", "pk": 374, "fields": {"pregunta": 383, "body": "se acabaron los tonos", "created": "2016-04-13T22:00:54.008Z", "updated": "2016-04-13", "active": true}}, {"model": "seguimiento.actualizacion", "pk": 375, "fields": {"pregunta": 386, "body": "se acaban los tonos", "created": "2016-04-13T22:02:20.183Z", "updated": "2016-04-13", "active": true}}, {"model": "seguimiento.actualizacion", "pk": 378, "fields": {"pregunta": 388, "body": "SE ACABARON LOS TONOS PARECE QUE ES UNA VENDEDORA", "created": "2016-04-14T00:18:58.802Z", "updated": "2016-04-13", "active": true}}, {"model": "seguimiento.actualizacion", "pk": 379, "fields": {"pregunta": 258, "body": "5570862635", "created": "2016-04-14T23:01:59.757Z", "updated": "2016-04-14", "active": true}}, {"model": "seguimiento.actualizacion", "pk": 381, "fields": {"pregunta": 273, "body": "me rechaza la llamada", "created": "2016-04-14T23:05:42.477Z", "updated": "2016-04-14", "active": true}}, {"model": "seguimiento.actualizacion", "pk": 384, "fields": {"pregunta": 328, "body": "dice que vendra a la oficina el domingo 17", "created": "2016-04-14T23:30:57.216Z", "updated": "2016-04-14", "active": true}}, {"model": "seguimiento.actualizacion", "pk": 385, "fields": {"pregunta": 329, "body": "que se accidento que no podra ir hasta proximo sabado llamare de hoy en ocho dias", "created": "2016-04-14T23:33:52.355Z", "updated": "2016-04-14", "active": true}}, {"model": "seguimiento.actualizacion", "pk": 387, "fields": {"pregunta": 388, "body": "respondio correo de contacto y llamre ma\u00f1ana", "created": "2016-04-14T23:43:17.704Z", "updated": "2016-04-14", "active": true}}, {"model": "seguimiento.actualizacion", "pk": 388, "fields": {"pregunta": 345, "body": "que lo platicara con su esposa menciono que si no tenia mas cerca", "created": "2016-04-14T23:47:50.553Z", "updated": "2016-04-14", "active": true}}, {"model": "seguimiento.actualizacion", "pk": 389, "fields": {"pregunta": 358, "body": "ae acaban los tonos de los dos", "created": "2016-04-14T23:51:04.463Z", "updated": "2016-04-14", "active": true}}, {"model": "seguimiento.actualizacion", "pk": 390, "fields": {"pregunta": 367, "body": "si se interesa dice que el tambien venden terrenos y que el quiere uno a credito", "created": "2016-04-15T00:05:39.642Z", "updated": "2016-04-14", "active": true}}, {"model": "seguimiento.actualizacion", "pk": 391, "fields": {"pregunta": 389, "body": "no conecta", "created": "2016-04-15T00:08:04.979Z", "updated": "2016-04-14", "active": true}}, {"model": "seguimiento.actualizacion", "pk": 392, "fields": {"pregunta": 182, "body": "ok", "created": "2016-04-15T15:22:54.679Z", "updated": "2016-04-15", "active": true}}, {"model": "seguimiento.actualizacion", "pk": 393, "fields": {"pregunta": 258, "body": "platicamos concertamos cita para el sabado 16 abril 16 a las 12", "created": "2016-04-15T15:35:51.605Z", "updated": "2016-04-15", "active": true}}, {"model": "seguimiento.actualizacion", "pk": 395, "fields": {"pregunta": 358, "body": "se acaban los tonos en los dos tels envio correo de contacto", "created": "2016-04-15T15:43:58.484Z", "updated": "2016-04-15", "active": true}}, {"model": "seguimiento.actualizacion", "pk": 397, "fields": {"pregunta": 380, "body": " se acabaron los tonos envio correo de contacto", "created": "2016-04-15T17:25:51.494Z", "updated": "2016-04-15", "active": true}}, {"model": "seguimiento.actualizacion", "pk": 398, "fields": {"pregunta": 382, "body": "le di informacion dice que es para su jefa que le pasara informacion", "created": "2016-04-15T17:33:44.538Z", "updated": "2016-04-15", "active": true}}, {"model": "seguimiento.actualizacion", "pk": 399, "fields": {"pregunta": 383, "body": "dice que iria de este sabado al otro segun si le interesa pero no pregunta nada de los terrenos llamare siguiente jueves", "created": "2016-04-15T17:38:34.857Z", "updated": "2016-04-15", "active": true}}, {"model": "seguimiento.actualizacion", "pk": 400, "fields": {"pregunta": 386, "body": "que quiere dos lo platicara con su esposo y le llamare para ver que pensaron", "created": "2016-04-15T17:54:38.554Z", "updated": "2016-04-15", "active": true}}, {"model": "seguimiento.actualizacion", "pk": 402, "fields": {"pregunta": 388, "body": "que es arquitecto quiere un terreno de 200 mts. le mostrare el de isidoro", "created": "2016-04-15T18:06:28.871Z", "updated": "2016-04-15", "active": true}}, {"model": "seguimiento.actualizacion", "pk": 403, "fields": {"pregunta": 389, "body": "que es de atotonilco y que ira deos semanas a pachuca y vera los terrenos llamare porx jueves", "created": "2016-04-15T18:11:25.887Z", "updated": "2016-04-15", "active": true}}, {"model": "seguimiento.actualizacion", "pk": 408, "fields": {"pregunta": 258, "body": "SE ACABARON LOS TONOS", "created": "2016-04-22T21:12:06.520Z", "updated": "2016-04-22", "active": true}}, {"model": "seguimiento.actualizacion", "pk": 409, "fields": {"pregunta": 389, "body": "SE ACABARON LOS TONOS despues rechazo la llamada", "created": "2016-04-22T21:21:03.520Z", "updated": "2016-04-22", "active": true}}, {"model": "seguimiento.actualizacion", "pk": 410, "fields": {"pregunta": 380, "body": "se acabaron los tonos", "created": "2016-04-22T21:22:53.433Z", "updated": "2016-04-22", "active": true}}, {"model": "seguimiento.actualizacion", "pk": 411, "fields": {"pregunta": 380, "body": "se acabaron los tonos", "created": "2016-04-22T21:23:14.696Z", "updated": "2016-04-22", "active": true}}, {"model": "seguimiento.actualizacion", "pk": 412, "fields": {"pregunta": 29, "body": "hablams e quiere cita para el proximo miercoles llamare el lunes", "created": "2016-04-22T21:30:24.261Z", "updated": "2016-04-22", "active": true}}, {"model": "seguimiento.actualizacion", "pk": 413, "fields": {"pregunta": 273, "body": "se acaban los tonos", "created": "2016-04-22T21:57:24.141Z", "updated": "2016-04-22", "active": true}}, {"model": "seguimiento.actualizacion", "pk": 414, "fields": {"pregunta": 277, "body": "se acaban los tonos", "created": "2016-04-22T22:03:02.998Z", "updated": "2016-04-22", "active": true}}, {"model": "seguimiento.actualizacion", "pk": 415, "fields": {"pregunta": 328, "body": "me rechazo la llamada y despues se acabaron los tonos", "created": "2016-04-22T22:05:08.291Z", "updated": "2016-04-22", "active": true}}, {"model": "seguimiento.actualizacion", "pk": 416, "fields": {"pregunta": 329, "body": "se acaban los tonos", "created": "2016-04-22T22:07:14.175Z", "updated": "2016-04-22", "active": true}}, {"model": "seguimiento.actualizacion", "pk": 417, "fields": {"pregunta": 365, "body": "compraron tres terrenos CONCRETADO", "created": "2016-04-22T22:11:47.993Z", "updated": "2016-04-22", "active": true}}, {"model": "seguimiento.actualizacion", "pk": 418, "fields": {"pregunta": 367, "body": "QUE TIENE MUCHO TRABAJO Y QUE NO PUEDE HASTA LA SEMANA QUE ENTRA SE ESCUCHA SINCERO", "created": "2016-04-22T22:14:07.793Z", "updated": "2016-04-22", "active": true}}, {"model": "seguimiento.actualizacion", "pk": 419, "fields": {"pregunta": 368, "body": "QUE VA MANEJANDO  que regresa la llamada", "created": "2016-04-22T22:16:05.918Z", "updated": "2016-04-22", "active": true}}, {"model": "seguimiento.actualizacion", "pk": 420, "fields": {"pregunta": 379, "body": "se me paso el dia de la cita y que ahora quiere cita para el 1 de mayo le llamare el 28", "created": "2016-04-22T22:23:12.540Z", "updated": "2016-04-22", "active": true}}, {"model": "seguimiento.actualizacion", "pk": 421, "fields": {"pregunta": 382, "body": "que no le ha contestado nada", "created": "2016-04-22T22:27:41.898Z", "updated": "2016-04-22", "active": true}}, {"model": "seguimiento.datoextra", "pk": 5, "fields": {"nombre": null, "dato": "Telefono Extra: 89898765", "pregunta": 389}}, {"model": "seguimiento.datoextra", "pk": 6, "fields": {"nombre": null, "dato": "7711111111", "pregunta": 29}}, {"model": "seguimiento.datoextra", "pk": 7, "fields": {"nombre": null, "dato": "NO SE PUEDE BORRAR", "pregunta": 29}}, {"model": "auth.permission", "pk": 1, "fields": {"name": "Can add log entry", "content_type": 1, "codename": "add_logentry"}}, {"model": "auth.permission", "pk": 2, "fields": {"name": "Can change log entry", "content_type": 1, "codename": "change_logentry"}}, {"model": "auth.permission", "pk": 3, "fields": {"name": "Can delete log entry", "content_type": 1, "codename": "delete_logentry"}}, {"model": "auth.permission", "pk": 4, "fields": {"name": "Can add permission", "content_type": 2, "codename": "add_permission"}}, {"model": "auth.permission", "pk": 5, "fields": {"name": "Can change permission", "content_type": 2, "codename": "change_permission"}}, {"model": "auth.permission", "pk": 6, "fields": {"name": "Can delete permission", "content_type": 2, "codename": "delete_permission"}}, {"model": "auth.permission", "pk": 7, "fields": {"name": "Can add group", "content_type": 3, "codename": "add_group"}}, {"model": "auth.permission", "pk": 8, "fields": {"name": "Can change group", "content_type": 3, "codename": "change_group"}}, {"model": "auth.permission", "pk": 9, "fields": {"name": "Can delete group", "content_type": 3, "codename": "delete_group"}}, {"model": "auth.permission", "pk": 10, "fields": {"name": "Can add user", "content_type": 4, "codename": "add_user"}}, {"model": "auth.permission", "pk": 11, "fields": {"name": "Can change user", "content_type": 4, "codename": "change_user"}}, {"model": "auth.permission", "pk": 12, "fields": {"name": "Can delete user", "content_type": 4, "codename": "delete_user"}}, {"model": "auth.permission", "pk": 13, "fields": {"name": "Can add content type", "content_type": 5, "codename": "add_contenttype"}}, {"model": "auth.permission", "pk": 14, "fields": {"name": "Can change content type", "content_type": 5, "codename": "change_contenttype"}}, {"model": "auth.permission", "pk": 15, "fields": {"name": "Can delete content type", "content_type": 5, "codename": "delete_contenttype"}}, {"model": "auth.permission", "pk": 16, "fields": {"name": "Can add session", "content_type": 6, "codename": "add_session"}}, {"model": "auth.permission", "pk": 17, "fields": {"name": "Can change session", "content_type": 6, "codename": "change_session"}}, {"model": "auth.permission", "pk": 18, "fields": {"name": "Can delete session", "content_type": 6, "codename": "delete_session"}}, {"model": "auth.permission", "pk": 19, "fields": {"name": "Can add nueva pregunta", "content_type": 7, "codename": "add_nuevapregunta"}}, {"model": "auth.permission", "pk": 20, "fields": {"name": "Can change nueva pregunta", "content_type": 7, "codename": "change_nuevapregunta"}}, {"model": "auth.permission", "pk": 21, "fields": {"name": "Can delete nueva pregunta", "content_type": 7, "codename": "delete_nuevapregunta"}}, {"model": "auth.permission", "pk": 22, "fields": {"name": "Can add size", "content_type": 8, "codename": "add_size"}}, {"model": "auth.permission", "pk": 23, "fields": {"name": "Can change size", "content_type": 8, "codename": "change_size"}}, {"model": "auth.permission", "pk": 24, "fields": {"name": "Can delete size", "content_type": 8, "codename": "delete_size"}}, {"model": "auth.permission", "pk": 25, "fields": {"name": "Can add plazo", "content_type": 9, "codename": "add_plazo"}}, {"model": "auth.permission", "pk": 26, "fields": {"name": "Can change plazo", "content_type": 9, "codename": "change_plazo"}}, {"model": "auth.permission", "pk": 27, "fields": {"name": "Can delete plazo", "content_type": 9, "codename": "delete_plazo"}}, {"model": "auth.permission", "pk": 28, "fields": {"name": "Can add user social auth", "content_type": 10, "codename": "add_usersocialauth"}}, {"model": "auth.permission", "pk": 29, "fields": {"name": "Can change user social auth", "content_type": 10, "codename": "change_usersocialauth"}}, {"model": "auth.permission", "pk": 30, "fields": {"name": "Can delete user social auth", "content_type": 10, "codename": "delete_usersocialauth"}}, {"model": "auth.permission", "pk": 31, "fields": {"name": "Can add nonce", "content_type": 11, "codename": "add_nonce"}}, {"model": "auth.permission", "pk": 32, "fields": {"name": "Can change nonce", "content_type": 11, "codename": "change_nonce"}}, {"model": "auth.permission", "pk": 33, "fields": {"name": "Can delete nonce", "content_type": 11, "codename": "delete_nonce"}}, {"model": "auth.permission", "pk": 34, "fields": {"name": "Can add association", "content_type": 12, "codename": "add_association"}}, {"model": "auth.permission", "pk": 35, "fields": {"name": "Can change association", "content_type": 12, "codename": "change_association"}}, {"model": "auth.permission", "pk": 36, "fields": {"name": "Can delete association", "content_type": 12, "codename": "delete_association"}}, {"model": "auth.permission", "pk": 37, "fields": {"name": "Can add code", "content_type": 13, "codename": "add_code"}}, {"model": "auth.permission", "pk": 38, "fields": {"name": "Can change code", "content_type": 13, "codename": "change_code"}}, {"model": "auth.permission", "pk": 39, "fields": {"name": "Can delete code", "content_type": 13, "codename": "delete_code"}}, {"model": "auth.permission", "pk": 40, "fields": {"name": "panel seguimiento", "content_type": 4, "codename": "adm"}}, {"model": "auth.permission", "pk": 41, "fields": {"name": "Can add actualizacion", "content_type": 14, "codename": "add_actualizacion"}}, {"model": "auth.permission", "pk": 42, "fields": {"name": "Can change actualizacion", "content_type": 14, "codename": "change_actualizacion"}}, {"model": "auth.permission", "pk": 43, "fields": {"name": "Can delete actualizacion", "content_type": 14, "codename": "delete_actualizacion"}}, {"model": "auth.permission", "pk": 44, "fields": {"name": "Can add perfil", "content_type": 15, "codename": "add_perfil"}}, {"model": "auth.permission", "pk": 45, "fields": {"name": "Can change perfil", "content_type": 15, "codename": "change_perfil"}}, {"model": "auth.permission", "pk": 46, "fields": {"name": "Can delete perfil", "content_type": 15, "codename": "delete_perfil"}}, {"model": "auth.permission", "pk": 47, "fields": {"name": "Can add dato extra", "content_type": 16, "codename": "add_datoextra"}}, {"model": "auth.permission", "pk": 48, "fields": {"name": "Can change dato extra", "content_type": 16, "codename": "change_datoextra"}}, {"model": "auth.permission", "pk": 49, "fields": {"name": "Can delete dato extra", "content_type": 16, "codename": "delete_datoextra"}}, {"model": "auth.user", "pk": 1, "fields": {"password": "pbkdf2_sha256$24000$XTcafNqDNZ6T$N/49dRGGhvKGr7FMiKkGstpOFdzv7Rrn6sh9l55Ujk8=", "last_login": "2016-04-18T18:44:33.069Z", "is_superuser": true, "username": "admin", "first_name": "", "last_name": "", "email": "contacto@fixter.org", "is_staff": true, "is_active": true, "date_joined": "2016-01-08T14:27:15.220Z", "groups": [], "user_permissions": []}}, {"model": "auth.user", "pk": 2, "fields": {"password": "!ILYfuf8Z0wBZ1P6ieopa0lUVWkabWlMnwiSuB3p5", "last_login": "2016-04-18T17:18:34.903Z", "is_superuser": false, "username": "H\u00e9ctorBliss", "first_name": "H\u00e9ctor", "last_name": "Bliss", "email": "rotcehcm@hotmail.com", "is_staff": false, "is_active": true, "date_joined": "2016-01-08T14:28:28.406Z", "groups": [], "user_permissions": []}}, {"model": "auth.user", "pk": 3, "fields": {"password": "!1ljiQqaQn56a7xTRB93Y2Yq0LjDh0NejL8Dv8sPc", "last_login": "2016-04-16T15:20:07.603Z", "is_superuser": false, "username": "MiguelCampos", "first_name": "Miguel", "last_name": "Campos", "email": "soyrey7@gmail.com", "is_staff": false, "is_active": true, "date_joined": "2016-01-08T16:39:39Z", "groups": [], "user_permissions": [40]}}, {"model": "auth.user", "pk": 4, "fields": {"password": "!OkT9l6l2YreELtP0ui85SXwBMwCYEzk2iViLNQYT", "last_login": "2016-02-17T00:57:56.339Z", "is_superuser": false, "username": "AlanOrtiz", "first_name": "Alan", "last_name": "Ortiz", "email": "lalo_spock@hotmail.com", "is_staff": false, "is_active": true, "date_joined": "2016-01-12T14:03:42.554Z", "groups": [], "user_permissions": []}}, {"model": "auth.user", "pk": 6, "fields": {"password": "!PyjZLTPDJy62f9CG7N06AXQhHGqFmT65uFAKO7uG", "last_login": "2016-04-16T00:41:19.496Z", "is_superuser": false, "username": "JoseManuelMuradasOgando", "first_name": "Jose", "last_name": "Manuel Muradas Ogando", "email": "jmmuradaso@gmail.com", "is_staff": false, "is_active": true, "date_joined": "2016-04-16T00:41:19.403Z", "groups": [], "user_permissions": []}}, {"model": "default.usersocialauth", "pk": 1, "fields": {"user": 2, "provider": "facebook", "uid": "10208328140259056", "extra_data": "{\"id\": \"10208328140259056\", \"expires\": null, \"access_token\": \"CAAXE7ZCJHd4QBAMWqYTGv6BMizFLPU56NgCyDw9HtxtjZC1Wkv8zr0jtZCYECblMkVPOHBSiTExpUEkZApwdYs7RZCZBEHasqJZAEzkZC6bq41pivyB2U6TZAKbnImHv2jJ8kr1gZCp0gKRkJKJSiZCq2RV6aF4ZBDMdGYeS4ZCpxH0CPS6PBvpiySAjfrZCEIWZCQQ6SYZD\"}"}}, {"model": "default.usersocialauth", "pk": 2, "fields": {"user": 3, "provider": "facebook", "uid": "941698445885470", "extra_data": "{\"id\": \"941698445885470\", \"expires\": null, \"access_token\": \"CAAXE7ZCJHd4QBAE6eBFlPBgHPoitjpVnUAUQAUx4J1Eq3XMY9H8qOBZArUcmj3NDDZAlGY9K0z01PLcbw0Nfz3v6V80SCheCxHZANjWoTo6ZAsgI54oT32VOOEVkQzLsfxVPgQ6pfFhgpv35F0bXflbJOZBwAXzJ5IpULVxhZAx37cbSCGDPCsAZABoxZAuaYPSQZD\"}"}}, {"model": "default.usersocialauth", "pk": 3, "fields": {"user": 4, "provider": "facebook", "uid": "1078825095490458", "extra_data": "{\"id\": \"1078825095490458\", \"expires\": null, \"access_token\": \"CAAXE7ZCJHd4QBABhRTQNOZBOFQGSVe14sOIRB5xU4gB6VsM8UwBZCmQg7dSExBdJYk0pEOhr4mIZCWPRA9V4e4pBMwICavjJitjbVRrNjTtzBPNJGD3E05bUqnRIiYqILpDA4CTFiMfctnBDaY24YC1Gjf7Jmw1rHxbkICFacbNNT9A3byDZAQunbtUdsZBXPIAlxZC67ANpwZDZD\"}"}}, {"model": "default.usersocialauth", "pk": 5, "fields": {"user": 6, "provider": "facebook", "uid": "586776074814994", "extra_data": "{\"id\": \"586776074814994\", \"expires\": null, \"access_token\": \"EAAXE7ZCJHd4QBAOrzThLEMltKnEVS5ZBycQuQAI20uZAjo5q5A4IyZAXv99U084JPzMrB29OLAe7HXyP1W2MQZBT2qxGNuQxyqQbqcQfP4na1bUivGbhrOcsVLLFyCVmZAijRlNvOmjWaUl0ZCuZA2L4qGL9ZAPFdgjkZD\"}"}}, {"model": "admin.logentry", "pk": 1, "fields": {"action_time": "2016-01-08T14:30:18.276Z", "user": 1, "content_type": 2, "object_id": "40", "object_repr": "auth | user | panel seguimiento", "action_flag": 1, "change_message": "Added."}}, {"model": "admin.logentry", "pk": 2, "fields": {"action_time": "2016-01-08T15:46:14.426Z", "user": 1, "content_type": 7, "object_id": "2", "object_repr": "BlisS", "action_flag": 3, "change_message": ""}}, {"model": "admin.logentry", "pk": 3, "fields": {"action_time": "2016-01-08T16:06:25.008Z", "user": 1, "content_type": 7, "object_id": "10", "object_repr": "otra mija - TFacil", "action_flag": 3, "change_message": ""}}, {"model": "admin.logentry", "pk": 4, "fields": {"action_time": "2016-01-08T16:06:25.017Z", "user": 1, "content_type": 7, "object_id": "9", "object_repr": "ultima", "action_flag": 3, "change_message": ""}}, {"model": "admin.logentry", "pk": 5, "fields": {"action_time": "2016-01-08T16:06:25.025Z", "user": 1, "content_type": 7, "object_id": "8", "object_repr": " - TFacil", "action_flag": 3, "change_message": ""}}, {"model": "admin.logentry", "pk": 6, "fields": {"action_time": "2016-01-08T16:06:25.033Z", "user": 1, "content_type": 7, "object_id": "7", "object_repr": "probando", "action_flag": 3, "change_message": ""}}, {"model": "admin.logentry", "pk": 7, "fields": {"action_time": "2016-01-08T16:06:25.041Z", "user": 1, "content_type": 7, "object_id": "6", "object_repr": "probando", "action_flag": 3, "change_message": ""}}, {"model": "admin.logentry", "pk": 8, "fields": {"action_time": "2016-01-08T16:06:25.048Z", "user": 1, "content_type": 7, "object_id": "5", "object_repr": "probando", "action_flag": 3, "change_message": ""}}, {"model": "admin.logentry", "pk": 9, "fields": {"action_time": "2016-01-08T16:06:25.056Z", "user": 1, "content_type": 7, "object_id": "4", "object_repr": "probando", "action_flag": 3, "change_message": ""}}, {"model": "admin.logentry", "pk": 10, "fields": {"action_time": "2016-01-08T16:06:25.063Z", "user": 1, "content_type": 7, "object_id": "3", "object_repr": "probando", "action_flag": 3, "change_message": ""}}, {"model": "admin.logentry", "pk": 11, "fields": {"action_time": "2016-01-08T16:45:07.144Z", "user": 1, "content_type": 4, "object_id": "3", "object_repr": "MiguelCampos", "action_flag": 2, "change_message": "Changed user_permissions."}}, {"model": "admin.logentry", "pk": 12, "fields": {"action_time": "2016-01-08T17:17:30.081Z", "user": 1, "content_type": 7, "object_id": "12", "object_repr": "miguel - TFacil", "action_flag": 3, "change_message": ""}}, {"model": "admin.logentry", "pk": 13, "fields": {"action_time": "2016-01-08T17:17:30.091Z", "user": 1, "content_type": 7, "object_id": "11", "object_repr": "yo - TFacil", "action_flag": 3, "change_message": ""}}, {"model": "admin.logentry", "pk": 14, "fields": {"action_time": "2016-01-08T17:17:30.101Z", "user": 1, "content_type": 7, "object_id": "1", "object_repr": "hector - TFacil", "action_flag": 3, "change_message": ""}}, {"model": "admin.logentry", "pk": 15, "fields": {"action_time": "2016-01-08T23:34:47.281Z", "user": 1, "content_type": 7, "object_id": "13", "object_repr": "BlisS", "action_flag": 3, "change_message": ""}}, {"model": "admin.logentry", "pk": 16, "fields": {"action_time": "2016-01-09T17:10:08.851Z", "user": 1, "content_type": 7, "object_id": "14", "object_repr": "Pregunta de Referencia", "action_flag": 1, "change_message": "Added."}}, {"model": "admin.logentry", "pk": 17, "fields": {"action_time": "2016-01-13T17:24:24.825Z", "user": 1, "content_type": 7, "object_id": "17", "object_repr": "jonathan villeda", "action_flag": 3, "change_message": ""}}, {"model": "admin.logentry", "pk": 18, "fields": {"action_time": "2016-01-13T17:24:32.880Z", "user": 1, "content_type": 7, "object_id": "15", "object_repr": " - TFacil", "action_flag": 3, "change_message": ""}}, {"model": "admin.logentry", "pk": 19, "fields": {"action_time": "2016-01-13T19:36:47.567Z", "user": 1, "content_type": 4, "object_id": "1", "object_repr": "admin", "action_flag": 2, "change_message": "Changed password."}}, {"model": "admin.logentry", "pk": 20, "fields": {"action_time": "2016-02-11T16:49:15.606Z", "user": 1, "content_type": 14, "object_id": "1", "object_repr": "Comentario en Alan Nunez  - TFacil", "action_flag": 3, "change_message": ""}}, {"model": "admin.logentry", "pk": 21, "fields": {"action_time": "2016-02-11T16:49:15.612Z", "user": 1, "content_type": 14, "object_id": "2", "object_repr": "Comentario en Victor Alberto Perez Jimenez - TFacil", "action_flag": 3, "change_message": ""}}, {"model": "admin.logentry", "pk": 22, "fields": {"action_time": "2016-02-11T16:49:15.615Z", "user": 1, "content_type": 14, "object_id": "3", "object_repr": "Comentario en Jonathan  - TFacil", "action_flag": 3, "change_message": ""}}, {"model": "admin.logentry", "pk": 23, "fields": {"action_time": "2016-04-01T18:59:33.358Z", "user": 1, "content_type": 4, "object_id": "5", "object_repr": "RikaSabrotza", "action_flag": 3, "change_message": ""}}, {"model": "admin.logentry", "pk": 24, "fields": {"action_time": "2016-04-18T17:59:28.095Z", "user": 1, "content_type": 7, "object_id": "387", "object_repr": "pedro - TFacil", "action_flag": 2, "change_message": "Deleted dato extra \"DatoExtra object\". Deleted dato extra \"DatoExtra object\"."}}, {"model": "admin.logentry", "pk": 25, "fields": {"action_time": "2016-04-18T18:01:07.109Z", "user": 1, "content_type": 7, "object_id": "245", "object_repr": "angely rodriguez islas - PVision", "action_flag": 2, "change_message": "Deleted dato extra \"DatoExtra object\"."}}]